# {"t_start": 1680622259.223384, "env_id": "AssaultNoFrameskip-v4"} 
r,l,t
3460.0,2786,16.861789
4298.0,3023,35.861751
4254.0,3516,57.835367
3512.0,2849,75.890916
3284.0,2756,109.270742
2288.0,1720,133.012205
