# {"t_start": 1680622259.268192, "env_id": "AssaultNoFrameskip-v4"} 
r,l,t
2729.0,2010,11.975641
4854.0,3644,34.738615
3439.0,2881,52.794375
2708.0,2265,67.142898
1816.0,1472,76.418925
3252.0,2723,109.947812
2015.0,1737,133.99893
