# {"t_start": 1680622259.6664262, "env_id": "AssaultNoFrameskip-v4"} 
r,l,t
3291.0,2687,15.861728
4025.0,2912,33.95102
3043.0,2817,51.684564
3294.0,2667,68.530336
5242.0,3455,103.341744
892.0,739,113.432512
