# {"t_start": 1680622259.7103405, "env_id": "AssaultNoFrameskip-v4"} 
r,l,t
3345.0,2815,16.560025
1595.0,1183,23.72888
3252.0,2754,41.436349
3629.0,2768,58.558753
3917.0,3309,79.530977
3448.0,2825,118.764025
