# {"t_start": 1680622259.75279, "env_id": "AssaultNoFrameskip-v4"} 
r,l,t
1816.0,1472,8.136567
2960.0,2430,23.046664
3105.0,2500,39.122621
2729.0,2301,53.225461
3063.0,2439,68.765563
3263.0,2569,91.012549
3179.0,2514,126.472049
