# {"t_start": 1680622259.8038728, "env_id": "AssaultNoFrameskip-v4"} 
r,l,t
2540.0,1997,11.348397
1730.0,1243,19.048229
3250.0,2627,35.591957
3533.0,2919,53.743393
3095.0,2463,69.446431
4873.0,3565,106.89167
