# {"t_start": 1680622259.8541412, "env_id": "AssaultNoFrameskip-v4"} 
r,l,t
4362.0,3420,20.197638
3189.0,2666,37.017265
4200.0,3324,57.768976
3416.0,2625,74.373592
2298.0,1833,93.447278
3085.0,2798,132.600072
