# {"t_start": 1680622259.8926735, "env_id": "AssaultNoFrameskip-v4"} 
r,l,t
3221.0,2528,14.591441
3283.0,2821,32.063092
1795.0,1405,41.282562
3022.0,2484,56.415477
3126.0,2613,73.082796
2184.0,1689,88.283602
3201.0,2618,125.378642
