# {"t_start": 1680622259.3122518, "env_id": "AssaultNoFrameskip-v4"} 
r,l,t
3064.0,2529,15.195937
3033.0,2411,30.017057
2971.0,2505,46.207187
3075.0,2453,61.376678
3734.0,2823,79.18899
3074.0,2528,113.426856
