# {"t_start": 1680622259.353983, "env_id": "AssaultNoFrameskip-v4"} 
r,l,t
3324.0,2566,15.425047
3104.0,2730,32.192867
3397.0,2789,50.00288
3941.0,3231,70.350025
1709.0,1531,80.044685
3334.0,2542,115.32324
