# {"t_start": 1680622259.4002793, "env_id": "AssaultNoFrameskip-v4"} 
r,l,t
2004.0,1536,8.922212
3231.0,2687,25.342334
2026.0,1570,35.505465
3552.0,2857,53.281156
2992.0,2370,68.276052
3064.0,2563,89.34867
3054.0,2467,124.374099
