# {"t_start": 1680622259.442776, "env_id": "AssaultNoFrameskip-v4"} 
r,l,t
2740.0,2276,13.512109
4223.0,3385,34.647214
1396.0,1117,41.908465
3398.0,2849,59.583484
3064.0,2528,75.47556
5085.0,3663,121.323729
