# {"t_start": 1680622259.4924521, "env_id": "AssaultNoFrameskip-v4"} 
r,l,t
2708.0,2265,13.38733
3096.0,2303,27.450133
2604.0,1974,40.258733
4593.0,3840,64.387111
3283.0,2627,81.365985
2351.0,1988,109.765753
