# {"t_start": 1680622259.535893, "env_id": "AssaultNoFrameskip-v4"} 
r,l,t
8224.0,5569,33.945166
2582.0,2047,46.983782
4078.0,3280,67.567939
2456.0,1939,79.838214
3583.0,2816,119.078293
