# {"t_start": 1680622259.5753443, "env_id": "AssaultNoFrameskip-v4"} 
r,l,t
3825.0,3067,18.30154
2937.0,2271,32.299991
3346.0,2823,50.221821
2593.0,1924,62.428967
3719.0,3013,82.641888
3732.0,2978,124.728617
