# {"t_start": 1680622259.643391, "env_id": "AssaultNoFrameskip-v4"} 
r,l,t
3190.0,2470,14.45872
1699.0,1232,21.990512
3646.0,2824,40.014635
3576.0,2621,56.106932
2246.0,1624,66.516257
4644.0,3391,97.779145
1720.0,1341,116.41329
