# {"t_start": 1680537209.395133, "env_id": "KangarooNoFrameskip-v4"} 
r,l,t
0.0,288,4.600679
0.0,289,8.549141
0.0,288,12.522103
0.0,287,16.932938
0.0,283,21.202818
0.0,283,25.435781
