# {"t_start": 1680537209.442848, "env_id": "KangarooNoFrameskip-v4"} 
r,l,t
0.0,284,4.466725
0.0,287,8.358739
0.0,281,12.204931
0.0,281,16.437352
0.0,290,20.889761
0.0,280,25.085093
0.0,288,29.434755
