# {"t_start": 1680537210.1505098, "env_id": "KangarooNoFrameskip-v4"} 
r,l,t
0.0,288,3.845595
0.0,280,7.581699
0.0,280,11.440391
0.0,285,15.729583
0.0,280,19.988973
0.0,291,24.409039
0.0,286,28.698143
