# {"t_start": 1680537210.176864, "env_id": "KangarooNoFrameskip-v4"} 
r,l,t
0.0,284,3.731284
0.0,290,7.70458
0.0,289,11.685744
0.0,284,16.025094
0.0,290,20.461334
0.0,286,24.770471
