# {"t_start": 1680537210.2725065, "env_id": "KangarooNoFrameskip-v4"} 
r,l,t
0.0,282,3.602951
0.0,279,7.315981
0.0,282,11.252649
0.0,291,15.642867
0.0,289,20.059344
0.0,286,24.383698
