# {"t_start": 1680537210.2768693, "env_id": "KangarooNoFrameskip-v4"} 
r,l,t
0.0,292,3.799669
0.0,292,7.819752
0.0,287,11.74003
0.0,281,16.056242
0.0,279,20.205541
0.0,282,24.459177
