# {"t_start": 1680537210.3538043, "env_id": "KangarooNoFrameskip-v4"} 
r,l,t
0.0,288,3.641991
0.0,281,7.4128
0.0,283,11.293736
0.0,286,15.648876
0.0,279,19.868057
0.0,285,24.148518
0.0,289,28.524323
