# {"t_start": 1680537210.3429193, "env_id": "KangarooNoFrameskip-v4"} 
r,l,t
0.0,288,3.653162
0.0,292,7.671791
0.0,284,11.546226
0.0,286,15.941394
0.0,285,20.254559
0.0,286,24.567516
