# {"t_start": 1680537209.505499, "env_id": "KangarooNoFrameskip-v4"} 
r,l,t
0.0,282,4.36992
0.0,284,8.187943
0.0,287,12.175385
0.0,287,16.537485
0.0,292,21.009948
0.0,292,25.478524
