# {"t_start": 1680537209.564605, "env_id": "KangarooNoFrameskip-v4"} 
r,l,t
0.0,288,4.431553
0.0,285,8.284186
0.0,284,12.194684
0.0,286,16.531278
0.0,279,20.734
0.0,286,25.065153
