# {"t_start": 1680537209.6410954, "env_id": "KangarooNoFrameskip-v4"} 
r,l,t
0.0,290,4.397819
0.0,285,8.270768
0.0,290,12.276319
0.0,287,16.686585
0.0,287,21.028076
0.0,286,25.376152
