# {"t_start": 1680537209.7323923, "env_id": "KangarooNoFrameskip-v4"} 
r,l,t
0.0,284,4.177459
0.0,279,7.895942
0.0,285,11.857587
0.0,284,16.115327
0.0,285,20.486943
0.0,287,24.826514
0.0,286,29.115353
