# {"t_start": 1680537209.7960384, "env_id": "KangarooNoFrameskip-v4"} 
r,l,t
0.0,287,4.172328
0.0,287,8.084925
0.0,283,11.965277
0.0,287,16.327971
0.0,283,20.605754
0.0,285,24.913182
