# {"t_start": 1680537209.8816688, "env_id": "KangarooNoFrameskip-v4"} 
r,l,t
0.0,287,4.088119
0.0,281,7.849945
0.0,289,11.877493
0.0,292,16.376183
0.0,286,20.718372
0.0,284,24.98598
