# {"t_start": 1680537209.978204, "env_id": "KangarooNoFrameskip-v4"} 
r,l,t
0.0,290,4.059769
0.0,289,8.006678
0.0,288,11.983113
0.0,283,16.306259
0.0,283,20.563158
0.0,281,24.78962
