# {"t_start": 1680537210.060041, "env_id": "KangarooNoFrameskip-v4"} 
r,l,t
0.0,280,3.7745
0.0,279,7.486841
0.0,284,11.464145
0.0,284,15.712134
0.0,287,20.102625
0.0,289,24.470063
0.0,288,28.818075
