# {"t_start": 1680508477.661557, "env_id": "MsPacmanNoFrameskip-v4"} 
r,l,t
1850.0,818,10.940802
1760.0,856,22.80058
1850.0,815,34.307661
1850.0,815,46.67826
1750.0,956,61.083551
1850.0,814,72.998215
1760.0,857,84.753273
