# {"t_start": 1680508477.6496284, "env_id": "MsPacmanNoFrameskip-v4"} 
r,l,t
1850.0,816,10.903663
1760.0,853,22.700306
1760.0,856,34.888978
1750.0,953,49.340382
1750.0,958,63.872038
1750.0,958,77.501689
