# {"t_start": 1680508478.280148, "env_id": "MsPacmanNoFrameskip-v4"} 
r,l,t
1860.0,938,12.023354
1860.0,944,25.149966
1860.0,943,38.841488
1860.0,938,53.136337
1750.0,956,67.450985
1760.0,855,79.38521
