# {"t_start": 1680508478.3580163, "env_id": "MsPacmanNoFrameskip-v4"} 
r,l,t
1850.0,816,10.195327
1850.0,813,21.387318
1850.0,816,32.949033
1750.0,957,47.460495
1750.0,955,61.954293
1850.0,820,73.747227
1760.0,853,85.430866
