# {"t_start": 1680508478.4585207, "env_id": "MsPacmanNoFrameskip-v4"} 
r,l,t
1750.0,958,12.203954
1750.0,958,25.503642
1760.0,856,37.863409
1850.0,815,50.288908
1850.0,813,62.510311
1850.0,816,74.189705
