# {"t_start": 1680508478.450574, "env_id": "MsPacmanNoFrameskip-v4"} 
r,l,t
1760.0,857,10.800971
1850.0,815,21.972217
1850.0,817,33.517804
1750.0,952,47.989373
1850.0,813,60.216822
1760.0,854,72.648489
1760.0,858,84.510982
