# {"t_start": 1680508478.52929, "env_id": "MsPacmanNoFrameskip-v4"} 
r,l,t
1750.0,954,12.03959
1750.0,958,25.370905
1760.0,853,37.674403
1860.0,940,52.004159
1860.0,939,66.077906
1850.0,820,77.632642
