# {"t_start": 1680508478.577565, "env_id": "MsPacmanNoFrameskip-v4"} 
r,l,t
1850.0,816,9.975467
1760.0,851,21.725013
1750.0,955,35.469017
1850.0,818,47.841197
1760.0,857,60.73731
1760.0,853,73.142053
