# {"t_start": 1680508477.8218334, "env_id": "MsPacmanNoFrameskip-v4"} 
r,l,t
1860.0,942,12.550969
1860.0,939,25.577606
1760.0,853,37.909738
1850.0,820,50.370977
1850.0,813,62.64643
1750.0,952,76.28832
