# {"t_start": 1680508477.8334627, "env_id": "MsPacmanNoFrameskip-v4"} 
r,l,t
1860.0,944,12.576344
1760.0,854,24.434291
1860.0,944,38.033661
1760.0,856,51.075032
1750.0,953,65.356575
1850.0,820,76.978698
