# {"t_start": 1680508477.9220078, "env_id": "MsPacmanNoFrameskip-v4"} 
r,l,t
1860.0,938,12.381417
1850.0,813,23.62614
1760.0,854,35.833513
1760.0,853,48.780412
1760.0,854,61.631953
1860.0,941,75.291404
