# {"t_start": 1680508477.962569, "env_id": "MsPacmanNoFrameskip-v4"} 
r,l,t
1760.0,856,11.262448
1750.0,953,24.44631
1850.0,817,36.141706
1750.0,953,50.598106
1760.0,852,63.473082
1850.0,819,75.163895
