# {"t_start": 1680508478.0362258, "env_id": "MsPacmanNoFrameskip-v4"} 
r,l,t
1750.0,953,12.501929
1850.0,815,23.769144
1760.0,858,36.068211
1750.0,958,50.611985
1850.0,820,63.017161
1850.0,818,74.719384
