# {"t_start": 1680508478.0474854, "env_id": "MsPacmanNoFrameskip-v4"} 
r,l,t
1750.0,956,12.578636
1750.0,955,25.829219
1760.0,857,38.20813
1850.0,817,50.64372
1850.0,817,62.956847
1850.0,815,74.638602
1850.0,820,85.865516
