# {"t_start": 1680508478.1505716, "env_id": "MsPacmanNoFrameskip-v4"} 
r,l,t
1850.0,814,10.348441
1850.0,813,21.556607
1860.0,938,34.988241
1850.0,818,47.376492
1750.0,953,61.839969
1750.0,955,75.583019
