# {"t_start": 1680508478.2050202, "env_id": "MsPacmanNoFrameskip-v4"} 
r,l,t
1760.0,857,11.046509
1850.0,814,22.186777
1850.0,814,33.698187
1860.0,939,47.943258
1850.0,814,60.228404
1750.0,957,74.156792
