# {"t_start": 1680515942.1343362, "env_id": "CarnivalNoFrameskip-v4"} 
r,l,t
2200.0,827,8.638594
2300.0,1132,19.067206
2200.0,824,26.735313
2200.0,824,34.137223
2100.0,1132,44.601098
2200.0,823,52.285314
2300.0,1133,63.403424
