# {"t_start": 1680515942.1806824, "env_id": "CarnivalNoFrameskip-v4"} 
r,l,t
2040.0,1131,11.42145
2300.0,1129,21.782739
2300.0,1132,32.066697
2100.0,1129,42.593231
2100.0,1134,53.243656
2100.0,1134,64.37298
