# {"t_start": 1680515942.6953847, "env_id": "CarnivalNoFrameskip-v4"} 
r,l,t
2100.0,1130,10.877231
2100.0,1136,21.389171
2100.0,1135,31.681689
2100.0,1130,42.187218
2100.0,1132,52.841032
2300.0,1131,63.916495
