# {"t_start": 1680515942.7397115, "env_id": "CarnivalNoFrameskip-v4"} 
r,l,t
2040.0,1131,10.862944
2200.0,822,18.352999
2040.0,1131,28.766743
2100.0,1133,39.216944
2100.0,1131,49.659828
2200.0,829,57.614764
