# {"t_start": 1680515942.8364608, "env_id": "CarnivalNoFrameskip-v4"} 
r,l,t
2100.0,1134,10.845353
2100.0,1134,21.274551
2300.0,1132,31.516911
2200.0,824,39.245013
2200.0,822,46.711225
2040.0,1131,57.517286
