# {"t_start": 1680515942.8500435, "env_id": "CarnivalNoFrameskip-v4"} 
r,l,t
2300.0,1133,10.804332
2200.0,824,18.303722
2200.0,826,26.01989
2100.0,1128,36.321866
2200.0,822,43.822157
2300.0,1130,54.630296
2300.0,1134,65.78073
