# {"t_start": 1680515942.9661763, "env_id": "CarnivalNoFrameskip-v4"} 
r,l,t
2100.0,1130,10.606477
2100.0,1134,21.068242
2300.0,1129,31.304336
2100.0,1132,41.849302
2100.0,1131,52.481344
2200.0,829,60.444687
