# {"t_start": 1680515943.0102873, "env_id": "CarnivalNoFrameskip-v4"} 
r,l,t
2040.0,1131,10.592438
2240.0,822,18.082353
2100.0,1131,28.49629
2200.0,827,36.161569
2300.0,1133,46.487906
2300.0,1129,57.292324
