# {"t_start": 1680515942.2427485, "env_id": "CarnivalNoFrameskip-v4"} 
r,l,t
2100.0,1134,11.439284
2100.0,1131,21.813807
2300.0,1129,32.048531
2200.0,829,39.809466
2200.0,822,47.28098
2100.0,1128,58.059862
