# {"t_start": 1680515942.3718393, "env_id": "CarnivalNoFrameskip-v4"} 
r,l,t
2100.0,1136,11.341388
2300.0,1130,21.712693
2100.0,1136,32.028499
2300.0,1132,42.546024
2100.0,1129,53.164294
2200.0,829,61.123865
