# {"t_start": 1680515942.4798398, "env_id": "CarnivalNoFrameskip-v4"} 
r,l,t
2100.0,1130,11.092297
2200.0,822,18.594964
2300.0,1130,28.993109
2300.0,1129,39.404395
2300.0,1130,49.824326
2100.0,1133,60.795281
