# {"t_start": 1680515942.4986818, "env_id": "CarnivalNoFrameskip-v4"} 
r,l,t
2300.0,1132,11.132107
2100.0,1129,21.482088
2200.0,826,29.066671
2100.0,1129,39.438193
2300.0,1128,49.845124
2200.0,828,57.786149
