# {"t_start": 1680515942.5629978, "env_id": "CarnivalNoFrameskip-v4"} 
r,l,t
2100.0,1129,10.983651
2200.0,824,18.529559
2300.0,1134,29.002511
2100.0,1134,39.446361
2200.0,829,47.050329
2200.0,827,55.074987
