# {"t_start": 1680515942.610519, "env_id": "CarnivalNoFrameskip-v4"} 
r,l,t
2100.0,1132,11.020351
2100.0,1131,21.400926
2300.0,1133,31.702486
2200.0,826,39.417639
2200.0,826,46.972667
2200.0,824,54.956504
2200.0,829,62.992759
