# {"t_start": 1680515942.7298455, "env_id": "CarnivalNoFrameskip-v4"} 
r,l,t
2200.0,823,7.999203
2200.0,822,15.520205
2100.0,1130,26.027565
2200.0,827,33.479775
2100.0,1129,43.913027
2100.0,1131,54.730055
2100.0,1130,65.84313
