# {"t_start": 1680515942.6443563, "env_id": "CarnivalNoFrameskip-v4"} 
r,l,t
2300.0,1133,11.009781
2200.0,823,18.485384
2200.0,823,26.155975
2100.0,1131,36.507356
2200.0,823,44.027802
2100.0,1133,54.867586
2300.0,1131,65.986075
