# {"t_start": 1680513086.992851, "env_id": "MsPacmanNoFrameskip-v4"} 
r,l,t
2700.0,1076,14.039909
1790.0,1002,25.561177
2700.0,1073,37.411008
2700.0,1073,49.793233
1880.0,1060,62.060971
