# {"t_start": 1680513087.0856266, "env_id": "MsPacmanNoFrameskip-v4"} 
r,l,t
2700.0,1074,13.899586
1790.0,999,25.358713
1790.0,1002,36.231567
1880.0,1057,48.52527
1880.0,1062,60.850883
1880.0,1062,73.280167
