# {"t_start": 1680513087.793241, "env_id": "MsPacmanNoFrameskip-v4"} 
r,l,t
990.0,532,6.563895
990.0,538,13.034619
990.0,537,19.473685
990.0,532,25.467054
1880.0,1060,37.138634
1790.0,1001,48.541057
990.0,537,54.769153
990.0,536,60.943231
2700.0,1072,73.525591
