# {"t_start": 1680513087.8964176, "env_id": "MsPacmanNoFrameskip-v4"} 
r,l,t
2700.0,1074,13.089052
2700.0,1071,25.481736
2700.0,1074,37.362298
1880.0,1061,49.495096
1880.0,1059,61.767115
