# {"t_start": 1680513087.9633758, "env_id": "MsPacmanNoFrameskip-v4"} 
r,l,t
1880.0,1062,12.754256
1880.0,1062,25.150356
1790.0,1002,36.018763
2700.0,1073,48.435064
2700.0,1071,60.822672
2700.0,1074,73.415381
