# {"t_start": 1680513088.1271267, "env_id": "MsPacmanNoFrameskip-v4"} 
r,l,t
1790.0,1003,11.856961
2700.0,1073,24.393964
2700.0,1075,36.277072
1880.0,1056,48.434304
2700.0,1071,60.857841
1790.0,1000,72.506916
