# {"t_start": 1680513088.1882737, "env_id": "MsPacmanNoFrameskip-v4"} 
r,l,t
1880.0,1058,12.460753
1880.0,1062,24.87216
1790.0,999,35.678224
990.0,534,41.831505
990.0,533,48.005705
2700.0,1078,60.484005
1880.0,1059,72.943467
