# {"t_start": 1680513088.2155678, "env_id": "MsPacmanNoFrameskip-v4"} 
r,l,t
2700.0,1074,12.769994
1790.0,997,24.193904
1880.0,1059,35.831877
2700.0,1076,48.321273
1790.0,1003,59.906163
1790.0,999,71.561608
