# {"t_start": 1680513087.1770937, "env_id": "MsPacmanNoFrameskip-v4"} 
r,l,t
990.0,536,7.25505
990.0,533,13.629074
1790.0,999,25.169396
2700.0,1078,37.115404
2700.0,1071,49.504809
1880.0,1056,61.637121
1790.0,1003,73.40161
