# {"t_start": 1680513087.242816, "env_id": "MsPacmanNoFrameskip-v4"} 
r,l,t
990.0,538,7.235586
1790.0,1000,19.205284
990.0,538,25.227321
1790.0,1002,36.097539
1880.0,1057,48.387294
2700.0,1078,60.911637
990.0,537,67.270349
