# {"t_start": 1680513087.353658, "env_id": "MsPacmanNoFrameskip-v4"} 
r,l,t
990.0,532,7.002782
2700.0,1071,19.872434
1790.0,1000,30.926809
1790.0,999,42.05103
1790.0,1000,53.787972
990.0,535,59.837201
990.0,534,66.146166
