# {"t_start": 1680513087.4726849, "env_id": "MsPacmanNoFrameskip-v4"} 
r,l,t
1790.0,1002,12.480007
1880.0,1057,24.804243
2700.0,1075,36.64767
1880.0,1057,48.786692
1790.0,998,60.398489
2700.0,1077,73.008164
