# {"t_start": 1680513087.4925573, "env_id": "MsPacmanNoFrameskip-v4"} 
r,l,t
1880.0,1057,13.130338
2700.0,1073,25.698983
1790.0,1004,36.627925
1880.0,1062,48.839236
2700.0,1078,61.37619
