# {"t_start": 1680513087.5544877, "env_id": "MsPacmanNoFrameskip-v4"} 
r,l,t
1880.0,1060,13.12771
1880.0,1059,25.483403
1790.0,1003,36.367786
2700.0,1075,48.805169
2700.0,1075,61.281944
2700.0,1073,73.850996
