# {"t_start": 1680513087.6518428, "env_id": "MsPacmanNoFrameskip-v4"} 
r,l,t
2700.0,1072,13.279248
2700.0,1071,25.687553
990.0,532,31.396471
2700.0,1076,43.606211
1880.0,1057,55.805242
1880.0,1059,68.235573
