# {"t_start": 1680513087.7179348, "env_id": "MsPacmanNoFrameskip-v4"} 
r,l,t
1790.0,1003,12.266471
2700.0,1072,24.774212
2700.0,1072,36.628844
990.0,533,42.632307
2700.0,1072,55.070141
1880.0,1061,67.564905
