# {"t_start": 1680472720.728623, "env_id": "MsPacmanNoFrameskip-v4"} 
r,l,t
990.0,716,10.121635
1360.0,707,19.365483
1360.0,706,28.620394
990.0,715,38.322821
1790.0,1173,54.150102
1790.0,1173,70.081122
990.0,716,79.8772
