# {"t_start": 1680472720.7427847, "env_id": "MsPacmanNoFrameskip-v4"} 
r,l,t
1790.0,1174,16.244506
980.0,830,27.005307
1790.0,1171,42.883888
1790.0,1171,58.753954
990.0,718,68.371872
