# {"t_start": 1680472721.1030934, "env_id": "MsPacmanNoFrameskip-v4"} 
r,l,t
980.0,831,11.172357
1790.0,1170,26.566871
1790.0,1170,42.45411
1360.0,703,51.911513
1790.0,1170,67.693046
990.0,719,77.500463
