# {"t_start": 1680472721.1715982, "env_id": "MsPacmanNoFrameskip-v4"} 
r,l,t
1360.0,702,9.391989
1360.0,708,18.763077
1360.0,707,28.035439
1360.0,702,37.503396
990.0,718,47.35475
980.0,829,58.560078
1360.0,707,68.040132
1360.0,706,77.57423
