# {"t_start": 1680472721.1551387, "env_id": "MsPacmanNoFrameskip-v4"} 
r,l,t
1790.0,1172,15.790426
1790.0,1169,31.10318
1790.0,1172,47.068718
990.0,719,56.644247
990.0,717,66.364388
