# {"t_start": 1680472721.2181494, "env_id": "MsPacmanNoFrameskip-v4"} 
r,l,t
990.0,720,9.716548
990.0,720,19.106264
980.0,830,30.024293
1790.0,1171,45.980238
1790.0,1169,61.716508
1790.0,1172,77.621488
