# {"t_start": 1680472721.2976384, "env_id": "MsPacmanNoFrameskip-v4"} 
r,l,t
980.0,831,10.97792
1790.0,1171,26.402558
1790.0,1173,42.330783
990.0,714,51.959607
1790.0,1169,67.733906
980.0,828,79.071886
