# {"t_start": 1680472721.2791216, "env_id": "MsPacmanNoFrameskip-v4"} 
r,l,t
990.0,716,9.571238
990.0,720,18.981104
980.0,827,29.859733
1360.0,704,39.470305
1360.0,703,49.021806
1790.0,1176,64.769939
990.0,717,74.563692
