# {"t_start": 1680472720.7634869, "env_id": "MsPacmanNoFrameskip-v4"} 
r,l,t
1790.0,1172,16.182935
980.0,827,26.863939
980.0,830,38.090548
990.0,715,47.891232
990.0,720,57.509339
990.0,720,67.205148
