# {"t_start": 1680472720.783471, "env_id": "MsPacmanNoFrameskip-v4"} 
r,l,t
1360.0,706,9.85029
1360.0,703,19.124653
980.0,827,29.985869
1790.0,1176,45.928953
1790.0,1169,61.765534
990.0,714,71.51301
