# {"t_start": 1680472720.8479414, "env_id": "MsPacmanNoFrameskip-v4"} 
r,l,t
1360.0,708,9.834854
980.0,828,20.702625
1360.0,708,30.044674
980.0,830,41.38761
990.0,715,51.032311
1790.0,1176,66.876877
1360.0,707,76.486739
