# {"t_start": 1680472720.8834167, "env_id": "MsPacmanNoFrameskip-v4"} 
r,l,t
1360.0,702,9.679695
1790.0,1169,24.974801
980.0,828,36.177353
980.0,827,47.497667
980.0,828,58.716407
1360.0,705,68.118623
1360.0,704,77.671978
