# {"t_start": 1680472720.971191, "env_id": "MsPacmanNoFrameskip-v4"} 
r,l,t
980.0,830,11.272674
990.0,715,20.695207
1790.0,1173,36.358903
990.0,715,46.059609
980.0,826,57.234115
1790.0,1175,73.213769
