# {"t_start": 1680472720.97294, "env_id": "MsPacmanNoFrameskip-v4"} 
r,l,t
990.0,715,9.849102
1790.0,1171,25.091031
980.0,832,36.357392
990.0,720,46.148318
1790.0,1176,62.030589
1790.0,1174,77.992733
