# {"t_start": 1680472721.042443, "env_id": "MsPacmanNoFrameskip-v4"} 
r,l,t
990.0,718,9.846457
990.0,717,19.194046
980.0,831,30.149257
1790.0,1173,46.122065
1790.0,1173,61.931463
1790.0,1171,77.822165
