# {"t_start": 1680472721.0675523, "env_id": "MsPacmanNoFrameskip-v4"} 
r,l,t
1790.0,1170,15.834051
1790.0,1169,31.145475
1360.0,702,40.696554
1790.0,1174,56.523165
990.0,715,66.174479
990.0,717,75.982632
