# {"t_start": 1680545368.4355896, "env_id": "TimePilotNoFrameskip-v4"} 
r,l,t
600.0,692,8.379671
700.0,665,15.687781
700.0,664,23.486575
800.0,709,32.331758
3900.0,785,41.521051
3900.0,785,50.637316
