# {"t_start": 1680545368.5225816, "env_id": "TimePilotNoFrameskip-v4"} 
r,l,t
600.0,680,8.138218
600.0,664,15.420658
3900.0,783,24.835539
3900.0,783,34.574775
800.0,712,42.72134
3900.0,782,51.831962
