# {"t_start": 1680545369.2185972, "env_id": "TimePilotNoFrameskip-v4"} 
r,l,t
600.0,695,7.65327
3900.0,782,16.385886
3900.0,782,25.818881
700.0,661,34.0134
3900.0,782,43.047682
800.0,713,51.281404
