# {"t_start": 1680545369.313598, "env_id": "TimePilotNoFrameskip-v4"} 
r,l,t
600.0,690,7.447482
700.0,666,14.790344
700.0,665,22.608267
700.0,660,30.811683
800.0,712,39.193621
600.0,663,47.005167
700.0,665,54.519454
