# {"t_start": 1680545369.3755524, "env_id": "TimePilotNoFrameskip-v4"} 
r,l,t
600.0,678,7.250767
3900.0,781,15.980284
3900.0,784,25.452543
800.0,713,34.313435
800.0,711,42.472406
3900.0,788,51.592651
