# {"t_start": 1680545369.4695032, "env_id": "TimePilotNoFrameskip-v4"} 
r,l,t
600.0,696,7.423759
800.0,714,15.316442
600.0,664,23.178899
3900.0,783,32.932842
3900.0,781,41.986803
3900.0,784,51.121741
