# {"t_start": 1680545369.5282528, "env_id": "TimePilotNoFrameskip-v4"} 
r,l,t
600.0,695,7.343586
3900.0,783,16.095989
3900.0,785,25.563152
800.0,708,34.343279
3900.0,781,43.343831
600.0,662,50.95195
