# {"t_start": 1680545369.5898395, "env_id": "TimePilotNoFrameskip-v4"} 
r,l,t
600.0,692,7.226981
800.0,714,15.137398
600.0,661,22.937923
700.0,662,31.152792
700.0,661,38.881196
3900.0,788,48.077782
800.0,711,56.227402
