# {"t_start": 1680545368.6287296, "env_id": "TimePilotNoFrameskip-v4"} 
r,l,t
600.0,678,7.998836
600.0,661,15.236156
600.0,664,23.042777
800.0,709,31.910567
800.0,714,40.303182
800.0,714,48.658977
