# {"t_start": 1680545368.6915376, "env_id": "TimePilotNoFrameskip-v4"} 
r,l,t
600.0,694,8.15523
700.0,661,15.381439
600.0,661,23.161144
3900.0,788,33.019763
3900.0,781,42.038738
800.0,708,50.264989
