# {"t_start": 1680545368.7951674, "env_id": "TimePilotNoFrameskip-v4"} 
r,l,t
600.0,696,8.096984
600.0,662,15.349948
700.0,666,23.177627
600.0,664,31.439568
800.0,709,39.777064
3900.0,788,48.992542
700.0,665,56.57954
