# {"t_start": 1680545368.839309, "env_id": "TimePilotNoFrameskip-v4"} 
r,l,t
600.0,690,7.921519
3900.0,781,16.672718
600.0,662,24.581674
600.0,661,32.749564
600.0,662,40.470208
700.0,663,48.170567
700.0,662,55.766425
