# {"t_start": 1680545368.9175196, "env_id": "TimePilotNoFrameskip-v4"} 
r,l,t
600.0,694,7.930181
800.0,709,15.740786
3900.0,785,25.197625
800.0,709,33.984452
600.0,660,41.476528
3900.0,787,50.724643
