# {"t_start": 1680545368.9889627, "env_id": "TimePilotNoFrameskip-v4"} 
r,l,t
600.0,691,7.79899
3900.0,783,16.576312
600.0,666,24.517864
800.0,714,33.347019
3900.0,788,42.538713
3900.0,786,51.695025
