# {"t_start": 1680545369.0680118, "env_id": "TimePilotNoFrameskip-v4"} 
r,l,t
600.0,694,7.779027
800.0,711,15.627277
600.0,665,23.512567
3900.0,785,33.29039
3900.0,785,42.423618
3900.0,783,51.549579
