# {"t_start": 1680545369.1510224, "env_id": "TimePilotNoFrameskip-v4"} 
r,l,t
600.0,676,7.441526
3900.0,781,16.162696
700.0,660,24.044546
3900.0,786,33.861275
800.0,709,41.962157
800.0,711,50.223522
