# {"t_start": 1680525885.6976936, "env_id": "KangarooNoFrameskip-v4"} 
r,l,t
400.0,399,8.650721
400.0,402,16.535727
400.0,396,24.062521
400.0,396,31.674608
400.0,401,39.35584
400.0,395,47.304299
