# {"t_start": 1680525885.802973, "env_id": "KangarooNoFrameskip-v4"} 
r,l,t
400.0,397,8.488903
400.0,399,16.244745
400.0,402,23.99446
400.0,398,31.662918
400.0,403,39.380834
400.0,403,47.6021
