# {"t_start": 1680525886.6063716, "env_id": "KangarooNoFrameskip-v4"} 
r,l,t
400.0,395,7.637228
400.0,401,15.441985
400.0,400,23.121696
400.0,395,30.72742
400.0,401,38.383575
400.0,401,46.514785
