# {"t_start": 1680525886.6548176, "env_id": "KangarooNoFrameskip-v4"} 
r,l,t
400.0,397,7.638805
400.0,394,15.256202
400.0,397,22.839391
400.0,402,30.644126
400.0,400,38.252659
400.0,401,46.405707
