# {"t_start": 1680525886.6425512, "env_id": "KangarooNoFrameskip-v4"} 
r,l,t
400.0,403,7.803788
400.0,403,15.738335
400.0,402,23.353002
400.0,396,31.0494
400.0,394,38.517021
400.0,397,46.545208
