# {"t_start": 1680525886.7178545, "env_id": "KangarooNoFrameskip-v4"} 
r,l,t
400.0,403,7.727974
400.0,396,15.450988
400.0,398,23.043495
400.0,397,30.687249
400.0,394,38.10353
400.0,400,46.261868
