# {"t_start": 1680525886.8046017, "env_id": "KangarooNoFrameskip-v4"} 
r,l,t
400.0,399,7.54512
400.0,403,15.475619
400.0,399,23.055304
400.0,397,30.716455
400.0,396,38.248355
400.0,401,46.383115
