# {"t_start": 1680525886.9126174, "env_id": "KangarooNoFrameskip-v4"} 
r,l,t
400.0,397,7.380994
400.0,397,15.070481
400.0,400,22.760798
400.0,399,30.461597
400.0,403,38.193123
400.0,399,46.274001
