# {"t_start": 1680525885.8974297, "env_id": "KangarooNoFrameskip-v4"} 
r,l,t
400.0,399,8.449999
400.0,396,16.115983
400.0,399,23.774924
400.0,401,31.538333
400.0,394,38.961859
400.0,397,47.052782
400.0,403,55.448314
