# {"t_start": 1680525885.9713867, "env_id": "KangarooNoFrameskip-v4"} 
r,l,t
400.0,401,8.411434
400.0,400,16.262362
400.0,401,23.917798
400.0,402,31.718545
400.0,398,39.26675
400.0,401,47.471393
