# {"t_start": 1680525886.0791273, "env_id": "KangarooNoFrameskip-v4"} 
r,l,t
400.0,395,8.164747
400.0,394,15.778216
400.0,400,23.450972
400.0,399,31.168871
400.0,400,38.740383
400.0,398,46.870717
400.0,397,55.060374
