# {"t_start": 1680525886.0936456, "env_id": "KangarooNoFrameskip-v4"} 
r,l,t
400.0,402,8.319239
400.0,398,16.110314
400.0,398,23.70646
400.0,398,31.372841
400.0,398,38.958834
400.0,400,47.06619
