# {"t_start": 1680525886.1805038, "env_id": "KangarooNoFrameskip-v4"} 
r,l,t
400.0,398,8.14689
400.0,396,15.803021
400.0,404,23.616691
400.0,403,31.419373
400.0,401,39.058007
400.0,399,47.187708
