# {"t_start": 1680525886.2852783, "env_id": "KangarooNoFrameskip-v4"} 
r,l,t
400.0,401,8.098537
400.0,400,15.948385
400.0,403,23.643581
400.0,398,31.343997
400.0,398,38.918772
400.0,396,46.947166
