# {"t_start": 1680525886.346547, "env_id": "KangarooNoFrameskip-v4"} 
r,l,t
400.0,395,7.898773
400.0,394,15.51118
400.0,395,23.042604
400.0,399,30.763452
400.0,398,38.266489
400.0,400,46.501909
400.0,399,54.703243
