# {"t_start": 1680525886.4198902, "env_id": "KangarooNoFrameskip-v4"} 
r,l,t
400.0,403,8.025786
400.0,395,15.711345
400.0,395,23.217293
400.0,396,30.854172
400.0,395,38.284117
400.0,402,46.530325
400.0,401,54.849088
