# {"t_start": 1680437684.289552, "env_id": "MsPacmanNoFrameskip-v4"} 
r,l,t
220.0,425,4.854285
170.0,462,5.493617
250.0,511,6.203947
200.0,472,6.85958
180.0,486,7.527999
230.0,475,8.187624
200.0,514,8.899805
190.0,449,9.517821
180.0,492,10.196129
330.0,595,11.026062
180.0,469,11.67773
190.0,445,12.287401
300.0,491,12.970156
370.0,537,13.715183
170.0,493,14.395643
200.0,521,15.116295
270.0,464,15.75772
270.0,511,16.467809
490.0,792,17.562282
110.0,411,18.126718
