# {"t_start": 1680616754.608561, "env_id": "BerzerkNoFrameskip-v4"} 
r,l,t
760.0,1961,20.004204
740.0,571,25.496342
740.0,570,30.950521
550.0,828,38.908261
650.0,1776,56.302519
650.0,1776,74.126778
760.0,1961,92.253152
800.0,99996,1016.862151
740.0,570,1022.52284
870.0,1028,1033.037326
980.0,933,1042.38135
740.0,571,1047.762633
560.0,706,1054.471622
980.0,933,1063.094947
