# {"t_start": 1680616754.6276073, "env_id": "BerzerkNoFrameskip-v4"} 
r,l,t
560.0,706,7.817362
250.0,99998,931.415829
250.0,99995,1892.3619
