# {"t_start": 1680616754.9864113, "env_id": "BerzerkNoFrameskip-v4"} 
r,l,t
250.0,99999,924.41846
920.0,926,933.132581
920.0,926,941.557389
870.0,1028,950.631653
920.0,926,959.892817
820.0,867,968.243033
250.0,99997,1933.420416
740.0,572,1939.360816
550.0,723,1946.773101
