# {"t_start": 1680616755.0384676, "env_id": "BerzerkNoFrameskip-v4"} 
r,l,t
600.0,99993,924.230474
740.0,572,929.774393
740.0,571,934.786349
600.0,99993,1896.672915
820.0,866,1906.137105
