# {"t_start": 1680616755.0855896, "env_id": "BerzerkNoFrameskip-v4"} 
r,l,t
800.0,99996,924.182709
960.0,871,932.45663
800.0,99996,1893.687215
820.0,867,1903.339597
980.0,933,1912.849814
560.0,708,1920.458885
