# {"t_start": 1680616755.1734319, "env_id": "BerzerkNoFrameskip-v4"} 
r,l,t
820.0,868,9.007078
820.0,868,17.075252
250.0,99998,940.338228
250.0,99995,1903.423954
960.0,871,1912.295338
