# {"t_start": 1680616755.184576, "env_id": "BerzerkNoFrameskip-v4"} 
r,l,t
250.0,99999,924.220433
250.0,99995,1884.355234
650.0,1776,1903.920601
