# {"t_start": 1680616755.208862, "env_id": "BerzerkNoFrameskip-v4"} 
r,l,t
760.0,1961,19.404173
820.0,868,27.707634
250.0,99995,950.061513
500.0,559,955.275368
870.0,1028,965.632654
560.0,708,972.482794
980.0,933,981.707897
960.0,871,990.638481
