# {"t_start": 1680616754.6702938, "env_id": "BerzerkNoFrameskip-v4"} 
r,l,t
800.0,99996,924.5996
250.0,99995,1884.751119
