# {"t_start": 1680616754.708683, "env_id": "BerzerkNoFrameskip-v4"} 
r,l,t
740.0,570,6.338588
870.0,1028,16.280161
250.0,99995,939.49892
560.0,708,946.017983
960.0,871,953.471407
600.0,99994,1918.722527
