# {"t_start": 1680616754.7686205, "env_id": "BerzerkNoFrameskip-v4"} 
r,l,t
740.0,572,6.318862
250.0,99996,930.122813
740.0,572,935.144898
250.0,99998,1897.136621
550.0,828,1906.17267
560.0,708,1913.30794
740.0,571,1919.502283
820.0,866,1928.123406
