# {"t_start": 1680616754.8269825, "env_id": "BerzerkNoFrameskip-v4"} 
r,l,t
600.0,99993,924.444314
960.0,871,932.715171
250.0,99996,1894.053702
