# {"t_start": 1680616754.8528447, "env_id": "BerzerkNoFrameskip-v4"} 
r,l,t
250.0,99998,924.529941
550.0,828,932.341053
650.0,1776,948.526307
550.0,828,956.187577
960.0,1656,972.606665
560.0,707,979.543285
560.0,707,986.887973
