# {"t_start": 1680616754.8940117, "env_id": "BerzerkNoFrameskip-v4"} 
r,l,t
550.0,828,8.834881
250.0,99995,932.260973
250.0,100000,1893.500252
820.0,868,1903.199113
560.0,708,1910.700433
560.0,706,1917.913623
740.0,571,1923.899626
820.0,868,1932.166511
