# {"t_start": 1680616754.9084542, "env_id": "BerzerkNoFrameskip-v4"} 
r,l,t
820.0,866,9.23978
980.0,933,17.984509
250.0,99999,941.194562
650.0,1776,957.573021
650.0,1776,975.050587
250.0,99995,1940.701528
