# {"t_start": 1680616754.9670165, "env_id": "BerzerkNoFrameskip-v4"} 
r,l,t
920.0,926,9.881542
960.0,871,17.879543
600.0,99993,941.018489
560.0,706,947.399662
550.0,828,954.765306
980.0,933,964.335446
760.0,1961,983.586839
