# {"t_start": 1680544646.638312, "env_id": "TimePilotNoFrameskip-v4"} 
r,l,t
500.0,1648,20.596931
500.0,917,31.974881
500.0,916,43.699042
500.0,913,54.695877
500.0,915,65.615954
500.0,915,76.652476
