# {"t_start": 1680544646.681518, "env_id": "TimePilotNoFrameskip-v4"} 
r,l,t
500.0,1650,20.609128
500.0,884,31.480182
500.0,913,43.170871
500.0,913,54.097178
500.0,916,65.098613
500.0,912,76.068378
