# {"t_start": 1680544647.1276531, "env_id": "TimePilotNoFrameskip-v4"} 
r,l,t
600.0,915,11.260089
500.0,912,22.190568
500.0,912,33.422592
500.0,913,45.1634
500.0,912,56.122775
500.0,917,67.144447
500.0,883,77.602138
