# {"t_start": 1680544647.175866, "env_id": "TimePilotNoFrameskip-v4"} 
r,l,t
500.0,1646,20.009658
500.0,918,31.408048
500.0,917,43.161413
500.0,912,54.132042
500.0,916,65.079257
500.0,883,75.642696
