# {"t_start": 1680544647.2376096, "env_id": "TimePilotNoFrameskip-v4"} 
r,l,t
500.0,1648,20.000384
500.0,911,31.249077
500.0,914,43.003392
500.0,917,54.026894
500.0,915,64.949903
500.0,918,76.016939
