# {"t_start": 1680544647.264331, "env_id": "TimePilotNoFrameskip-v4"} 
r,l,t
500.0,1652,20.065631
500.0,918,31.434942
500.0,884,42.706548
500.0,913,53.654606
500.0,911,64.560754
500.0,914,75.553354
