# {"t_start": 1680544647.355172, "env_id": "TimePilotNoFrameskip-v4"} 
r,l,t
600.0,915,11.032591
500.0,913,21.993821
500.0,915,33.284681
500.0,912,45.00273
500.0,911,55.934173
500.0,882,66.472863
500.0,886,76.970947
