# {"t_start": 1680544647.4586792, "env_id": "TimePilotNoFrameskip-v4"} 
r,l,t
500.0,1648,19.777824
500.0,918,31.181033
500.0,881,42.396693
500.0,914,53.344006
500.0,913,64.290297
500.0,918,75.358749
