# {"t_start": 1680544646.7466345, "env_id": "TimePilotNoFrameskip-v4"} 
r,l,t
500.0,1648,20.488575
500.0,881,31.317454
500.0,884,42.612978
500.0,913,53.562579
500.0,918,64.624965
500.0,918,75.66759
