# {"t_start": 1680544646.795162, "env_id": "TimePilotNoFrameskip-v4"} 
r,l,t
500.0,1650,20.493075
500.0,913,31.756364
500.0,881,42.989919
500.0,918,54.032599
500.0,911,64.931191
500.0,912,75.905926
