# {"t_start": 1680544646.8736823, "env_id": "TimePilotNoFrameskip-v4"} 
r,l,t
500.0,1652,20.455955
500.0,882,31.285568
500.0,918,43.058078
500.0,884,53.570487
500.0,913,64.56584
500.0,918,75.608087
