# {"t_start": 1680544646.8652554, "env_id": "TimePilotNoFrameskip-v4"} 
r,l,t
500.0,1646,20.320236
500.0,911,31.578177
500.0,882,42.827418
500.0,881,53.361113
500.0,882,63.920429
500.0,915,75.015183
500.0,914,85.908141
