# {"t_start": 1680544646.9482484, "env_id": "TimePilotNoFrameskip-v4"} 
r,l,t
600.0,914,11.404408
500.0,913,22.369534
500.0,915,33.659889
500.0,913,45.408031
500.0,880,55.900782
500.0,917,66.935871
500.0,917,77.848638
