# {"t_start": 1680544647.0124109, "env_id": "TimePilotNoFrameskip-v4"} 
r,l,t
500.0,1647,20.20072
500.0,913,31.500557
500.0,886,42.822563
500.0,918,53.852579
500.0,918,64.894127
500.0,916,75.913583
