# {"t_start": 1680544647.0351484, "env_id": "TimePilotNoFrameskip-v4"} 
r,l,t
500.0,1650,20.253387
500.0,915,31.579621
500.0,885,42.864486
500.0,915,53.855519
500.0,915,64.832245
500.0,913,75.81151
