# {"t_start": 1680544647.1065035, "env_id": "TimePilotNoFrameskip-v4"} 
r,l,t
500.0,1646,20.079767
500.0,911,31.337969
500.0,912,43.070535
500.0,916,54.088196
500.0,913,64.968722
500.0,915,76.026514
