# {"t_start": 1680550897.0056198, "env_id": "SkiingNoFrameskip-v4"} 
r,l,t
-8981.0,524,7.865738
-9000.0,526,14.593108
-8993.0,525,21.163242
-8975.0,523,27.64963
-8990.0,525,34.257442
-8990.0,525,40.763813
