# {"t_start": 1680550897.1161146, "env_id": "SkiingNoFrameskip-v4"} 
r,l,t
-8996.0,526,7.813671
-8998.0,526,14.538264
-8976.0,523,21.052681
-8976.0,523,27.539944
-8995.0,526,34.17439
-8970.0,522,40.588962
