# {"t_start": 1680550897.8339233, "env_id": "SkiingNoFrameskip-v4"} 
r,l,t
-9005.0,527,7.125139
-8970.0,522,13.729584
-8970.0,522,20.224385
-8973.0,522,26.695869
-8970.0,522,33.259889
-9001.0,527,39.805264
-8991.0,525,46.164196
