# {"t_start": 1680550897.832515, "env_id": "SkiingNoFrameskip-v4"} 
r,l,t
-8966.0,521,6.94882
-9006.0,527,13.703832
-9000.0,526,20.307654
-8966.0,521,26.741237
-8995.0,526,33.392846
-8991.0,525,39.873936
