# {"t_start": 1680550897.9061966, "env_id": "SkiingNoFrameskip-v4"} 
r,l,t
-8983.0,524,6.966661
-8963.0,521,13.549194
-8983.0,524,20.084324
-9001.0,527,26.688978
-8988.0,525,33.31902
-9010.0,528,39.891447
