# {"t_start": 1680550897.981074, "env_id": "SkiingNoFrameskip-v4"} 
r,l,t
-9008.0,528,7.012016
-9008.0,528,13.732134
-8998.0,526,20.302931
-8976.0,523,26.801021
-8963.0,521,33.347198
-8983.0,524,39.839421
