# {"t_start": 1680550898.0728903, "env_id": "SkiingNoFrameskip-v4"} 
r,l,t
-9005.0,527,6.887691
-8976.0,523,13.52262
-8990.0,525,20.095843
-8968.0,522,26.551245
-8963.0,521,33.070337
-8985.0,524,39.567737
