# {"t_start": 1680550898.1551807, "env_id": "SkiingNoFrameskip-v4"} 
r,l,t
-8981.0,524,6.721032
-9008.0,528,13.499133
-8978.0,523,20.013492
-8980.0,523,26.501741
-8973.0,522,33.048673
-9010.0,528,39.61665
