# {"t_start": 1680550897.1273685, "env_id": "SkiingNoFrameskip-v4"} 
r,l,t
-8983.0,524,7.74639
-8978.0,523,14.381848
-8998.0,526,20.984421
-8975.0,523,27.468025
-9008.0,528,34.163855
-9008.0,528,40.733552
