# {"t_start": 1680550897.1971831, "env_id": "SkiingNoFrameskip-v4"} 
r,l,t
-8993.0,525,7.705475
-8973.0,522,14.3133
-8978.0,523,20.838002
-9010.0,528,27.45925
-8963.0,521,33.977979
-8968.0,522,40.422446
-9005.0,527,46.822404
