# {"t_start": 1680550897.3302634, "env_id": "SkiingNoFrameskip-v4"} 
r,l,t
-9006.0,527,7.630425
-8985.0,524,14.297032
-9006.0,527,20.884686
-8998.0,526,27.429017
-8975.0,523,34.027565
-9010.0,528,40.574374
