# {"t_start": 1680550897.3637247, "env_id": "SkiingNoFrameskip-v4"} 
r,l,t
-8966.0,521,7.4182
-8963.0,521,14.026664
-8985.0,524,20.57975
-8978.0,523,27.091864
-8985.0,524,33.689635
-8986.0,524,40.171331
-8980.0,523,46.528239
