# {"t_start": 1680550897.408839, "env_id": "SkiingNoFrameskip-v4"} 
r,l,t
-8998.0,526,7.52055
-8975.0,523,14.154184
-8990.0,525,20.729657
-8975.0,523,27.215569
-8971.0,522,33.768532
-9003.0,527,40.297144
