# {"t_start": 1680550897.4825485, "env_id": "SkiingNoFrameskip-v4"} 
r,l,t
-8975.0,523,7.359676
-8976.0,523,14.004249
-9011.0,528,20.659445
-9008.0,528,27.234202
-9010.0,528,33.959569
-8996.0,526,40.447951
