# {"t_start": 1680550897.6010728, "env_id": "SkiingNoFrameskip-v4"} 
r,l,t
-8995.0,526,7.326568
-8988.0,525,14.025976
-9005.0,527,20.615411
-8990.0,525,27.133991
-8990.0,525,33.781106
-8976.0,523,40.243926
