# {"t_start": 1680550897.7167394, "env_id": "SkiingNoFrameskip-v4"} 
r,l,t
-8970.0,522,7.094202
-8963.0,521,13.697628
-8966.0,521,20.177807
-8996.0,526,26.763907
-8975.0,523,33.336596
-8988.0,525,39.839148
-8981.0,524,46.201537
