# {"t_start": 1680532086.7354994, "env_id": "KangarooNoFrameskip-v4"} 
r,l,t
0.0,400,10.911586
0.0,401,20.684268
0.0,397,30.464525
0.0,397,40.132051
0.0,398,49.771315
0.0,396,59.657722
