# {"t_start": 1680532086.8265975, "env_id": "KangarooNoFrameskip-v4"} 
r,l,t
0.0,398,10.761271
0.0,398,20.41242
0.0,401,30.340549
0.0,395,39.937075
0.0,400,49.653947
0.0,400,59.697737
