# {"t_start": 1680532087.6211486, "env_id": "KangarooNoFrameskip-v4"} 
r,l,t
0.0,394,9.815474
0.0,400,19.551333
0.0,399,29.3954
0.0,394,38.975344
0.0,398,48.631893
0.0,400,58.629653
0.0,399,68.501128
