# {"t_start": 1680532087.7095628, "env_id": "KangarooNoFrameskip-v4"} 
r,l,t
0.0,398,9.87535
0.0,395,19.420958
0.0,398,29.252616
0.0,399,38.971539
0.0,397,48.611746
0.0,402,58.683748
