# {"t_start": 1680532087.7900805, "env_id": "KangarooNoFrameskip-v4"} 
r,l,t
0.0,400,9.856366
0.0,400,19.59702
0.0,401,29.519952
0.0,397,39.166265
0.0,395,48.718356
0.0,398,58.699
