# {"t_start": 1680532087.860266, "env_id": "KangarooNoFrameskip-v4"} 
r,l,t
0.0,402,9.863368
0.0,397,19.480255
0.0,399,29.338763
0.0,394,38.903497
0.0,395,48.461626
0.0,399,58.428569
