# {"t_start": 1680532087.9364028, "env_id": "KangarooNoFrameskip-v4"} 
r,l,t
0.0,396,9.585222
0.0,400,19.303581
0.0,398,29.116884
0.0,396,38.743464
0.0,395,48.316899
0.0,402,58.397327
0.0,397,68.186296
