# {"t_start": 1680532088.0334525, "env_id": "KangarooNoFrameskip-v4"} 
r,l,t
0.0,398,9.55214
0.0,396,19.139077
0.0,397,28.926473
0.0,400,38.690028
0.0,402,48.472924
0.0,398,58.455109
