# {"t_start": 1680532086.8956535, "env_id": "KangarooNoFrameskip-v4"} 
r,l,t
0.0,398,10.68914
0.0,395,20.233773
0.0,398,30.063601
0.0,402,39.909688
0.0,395,49.455511
0.0,394,59.274398
0.0,402,69.225835
