# {"t_start": 1680532086.9869287, "env_id": "KangarooNoFrameskip-v4"} 
r,l,t
0.0,400,10.659953
0.0,399,20.352395
0.0,400,30.257086
0.0,401,40.036373
0.0,395,49.582017
0.0,402,59.695403
