# {"t_start": 1680532087.0800328, "env_id": "KangarooNoFrameskip-v4"} 
r,l,t
0.0,394,10.35722
0.0,395,19.899269
0.0,399,29.783257
0.0,398,39.479139
0.0,399,49.170206
0.0,397,59.089418
0.0,396,68.886822
