# {"t_start": 1680532087.1474268, "env_id": "KangarooNoFrameskip-v4"} 
r,l,t
0.0,401,10.534914
0.0,395,20.09354
0.0,399,29.946076
0.0,395,39.532854
0.0,397,49.173113
0.0,401,59.210319
