# {"t_start": 1680532087.2682245, "env_id": "KangarooNoFrameskip-v4"} 
r,l,t
0.0,395,10.214965
0.0,397,19.824047
0.0,403,29.824655
0.0,400,39.599768
0.0,402,49.368513
0.0,400,59.414069
