# {"t_start": 1680532087.340864, "env_id": "KangarooNoFrameskip-v4"} 
r,l,t
0.0,398,10.243786
0.0,397,19.867786
0.0,402,29.825634
0.0,399,39.564664
0.0,399,49.228781
0.0,397,59.182997
