# {"t_start": 1680532087.4245336, "env_id": "KangarooNoFrameskip-v4"} 
r,l,t
0.0,396,10.099461
0.0,395,19.630831
0.0,394,29.320621
0.0,400,39.096367
0.0,395,48.709137
0.0,397,58.58674
0.0,396,68.416497
