# {"t_start": 1680532087.5119927, "env_id": "KangarooNoFrameskip-v4"} 
r,l,t
0.0,402,10.211566
0.0,396,19.788118
0.0,396,29.544425
0.0,395,39.135803
0.0,396,48.741529
0.0,399,58.708638
0.0,400,68.609831
