# {"t_start": 1680479732.0115583, "env_id": "AsteroidsNoFrameskip-v4"} 
r,l,t
1280.0,929,14.808119
830.0,339,20.057475
1030.0,507,27.916307
980.0,377,33.605924
630.0,304,38.480939
630.0,304,43.207496
