# {"t_start": 1680479732.0691965, "env_id": "AsteroidsNoFrameskip-v4"} 
r,l,t
980.0,457,7.606882
780.0,351,12.687155
930.0,612,22.351856
930.0,612,31.584058
830.0,374,37.62769
980.0,372,43.437684
