# {"t_start": 1680479732.4917746, "env_id": "AsteroidsNoFrameskip-v4"} 
r,l,t
1030.0,340,5.230467
980.0,372,10.868709
980.0,372,16.54525
980.0,342,21.814924
980.0,372,27.467943
1180.0,638,37.498911
880.0,329,42.622905
