# {"t_start": 1680479732.5459082, "env_id": "AsteroidsNoFrameskip-v4"} 
r,l,t
930.0,641,9.93326
1030.0,380,15.619713
830.0,339,20.866929
930.0,641,30.620848
830.0,374,36.603723
880.0,329,41.778134
830.0,339,46.961163
