# {"t_start": 1680479732.5938263, "env_id": "AsteroidsNoFrameskip-v4"} 
r,l,t
1280.0,951,14.616855
780.0,334,19.762987
1280.0,951,34.595863
1180.0,638,44.687504
