# {"t_start": 1680479732.6338894, "env_id": "AsteroidsNoFrameskip-v4"} 
r,l,t
780.0,302,4.558227
780.0,302,9.058849
780.0,351,14.267864
930.0,612,24.015933
780.0,334,28.869157
1280.0,951,43.971208
