# {"t_start": 1680479732.708439, "env_id": "AsteroidsNoFrameskip-v4"} 
r,l,t
1030.0,340,5.014566
930.0,612,14.314318
630.0,304,19.011131
980.0,516,27.008225
780.0,334,32.008188
830.0,454,39.251351
980.0,466,46.509043
