# {"t_start": 1680479732.7500644, "env_id": "AsteroidsNoFrameskip-v4"} 
r,l,t
1280.0,929,14.071218
780.0,302,18.746064
1180.0,773,30.624412
980.0,387,36.837089
980.0,342,42.17561
