# {"t_start": 1680479732.1162803, "env_id": "AsteroidsNoFrameskip-v4"} 
r,l,t
1280.0,951,15.093526
1180.0,773,27.180273
780.0,351,32.446703
980.0,377,38.508261
780.0,302,43.199145
