# {"t_start": 1680479732.1573799, "env_id": "AsteroidsNoFrameskip-v4"} 
r,l,t
1030.0,507,8.298937
980.0,342,13.26219
1180.0,773,25.491369
730.0,403,31.370821
780.0,334,36.724636
980.0,516,44.830665
