# {"t_start": 1680479732.2094743, "env_id": "AsteroidsNoFrameskip-v4"} 
r,l,t
1030.0,380,6.244227
830.0,454,12.93469
1030.0,380,18.862377
780.0,351,24.388199
980.0,377,29.909749
730.0,403,36.255699
830.0,339,41.58559
830.0,374,47.35373
