# {"t_start": 1680479732.2682064, "env_id": "AsteroidsNoFrameskip-v4"} 
r,l,t
930.0,641,10.210885
780.0,334,15.151136
830.0,454,22.298865
1180.0,773,34.145584
830.0,454,41.413463
930.0,369,47.105276
