# {"t_start": 1680479732.3076093, "env_id": "AsteroidsNoFrameskip-v4"} 
r,l,t
780.0,351,5.604502
980.0,377,11.290066
630.0,304,15.856755
980.0,377,21.695702
1080.0,456,28.649994
1080.0,677,39.357305
