# {"t_start": 1680479732.348407, "env_id": "AsteroidsNoFrameskip-v4"} 
r,l,t
980.0,377,6.039331
930.0,612,15.294664
980.0,466,22.665699
780.0,302,27.147205
730.0,403,33.213703
980.0,457,40.568201
830.0,339,45.703254
