# {"t_start": 1680479732.408944, "env_id": "AsteroidsNoFrameskip-v4"} 
r,l,t
830.0,374,5.918847
830.0,380,11.569434
1030.0,340,16.780686
630.0,304,21.435734
630.0,304,26.076728
930.0,612,35.532256
730.0,403,41.968561
780.0,302,46.517764
