# {"t_start": 1680479732.4530735, "env_id": "AsteroidsNoFrameskip-v4"} 
r,l,t
980.0,372,5.815091
780.0,334,10.779537
930.0,641,20.734833
980.0,457,27.765279
980.0,377,33.46505
830.0,380,39.535001
