# {"t_start": 1680512297.928394, "env_id": "CarnivalNoFrameskip-v4"} 
r,l,t
2400.0,1461,16.431486
2700.0,1590,34.073078
3660.0,1650,52.40823
3660.0,1650,70.424349
3160.0,1529,87.409162
3660.0,1649,106.869706
