# {"t_start": 1680512298.0168047, "env_id": "CarnivalNoFrameskip-v4"} 
r,l,t
3660.0,1651,18.551018
2880.0,1600,36.256014
2700.0,1590,53.79736
3140.0,1515,70.415488
3160.0,1531,87.426728
3160.0,1531,105.42653
