# {"t_start": 1680512298.7303724, "env_id": "CarnivalNoFrameskip-v4"} 
r,l,t
2120.0,914,9.722386
2120.0,1168,22.48002
2120.0,1167,35.473367
2120.0,914,45.57756
3160.0,1529,62.461618
2700.0,1589,79.847544
2120.0,1167,92.89748
2120.0,918,104.011539
