# {"t_start": 1680512298.802546, "env_id": "CarnivalNoFrameskip-v4"} 
r,l,t
3660.0,1651,17.766048
1820.0,1191,30.814238
3660.0,1651,49.155275
3160.0,1530,65.847393
3160.0,1528,82.780649
2400.0,1463,99.631238
