# {"t_start": 1680512298.923719, "env_id": "CarnivalNoFrameskip-v4"} 
r,l,t
3160.0,1531,16.247542
3160.0,1531,33.232393
2700.0,1590,50.863101
3660.0,1650,68.869556
1820.0,1191,81.981338
3660.0,1651,101.090537
