# {"t_start": 1680512298.9724574, "env_id": "CarnivalNoFrameskip-v4"} 
r,l,t
2700.0,1591,16.847965
3660.0,1650,35.160933
2400.0,1460,51.363724
3140.0,1514,67.822284
1820.0,1191,80.953842
2700.0,1588,99.240513
