# {"t_start": 1680512299.0967572, "env_id": "CarnivalNoFrameskip-v4"} 
r,l,t
3140.0,1516,15.898792
3160.0,1531,32.833853
2880.0,1600,50.622716
2620.0,1458,66.504709
2620.0,1457,82.625052
2400.0,1463,99.470507
