# {"t_start": 1680512299.1544814, "env_id": "CarnivalNoFrameskip-v4"} 
r,l,t
3660.0,1651,17.413711
2560.0,1456,33.470711
3160.0,1528,50.437663
2400.0,1461,66.326104
2700.0,1591,83.926196
2880.0,1600,102.69838
