# {"t_start": 1680512298.1260607, "env_id": "CarnivalNoFrameskip-v4"} 
r,l,t
2120.0,918,10.380658
2620.0,1457,26.379066
2880.0,1600,44.11794
2400.0,1463,60.230933
1820.0,1191,73.307252
3140.0,1514,90.189779
