# {"t_start": 1680512298.187126, "env_id": "CarnivalNoFrameskip-v4"} 
r,l,t
2120.0,1168,13.031372
2700.0,1588,30.473167
2120.0,1168,43.428591
2700.0,1590,61.046136
3140.0,1515,77.669593
2400.0,1463,93.968011
2120.0,1167,108.168153
