# {"t_start": 1680512298.2505271, "env_id": "CarnivalNoFrameskip-v4"} 
r,l,t
2120.0,914,10.202118
1820.0,1191,23.252444
2700.0,1588,40.906047
2880.0,1600,58.460927
2700.0,1588,75.948733
2120.0,1165,88.942195
2620.0,1458,106.206846
