# {"t_start": 1680512298.3162253, "env_id": "CarnivalNoFrameskip-v4"} 
r,l,t
2700.0,1590,17.483347
3140.0,1515,34.272889
2400.0,1460,50.45578
3140.0,1515,66.970335
2880.0,1599,84.680934
2400.0,1462,101.641812
