# {"t_start": 1680512298.4070654, "env_id": "CarnivalNoFrameskip-v4"} 
r,l,t
3140.0,1515,16.561277
3660.0,1650,34.909338
2700.0,1592,52.539489
3160.0,1531,69.240304
2400.0,1463,85.42968
2400.0,1461,102.428809
