# {"t_start": 1680512298.5230215, "env_id": "CarnivalNoFrameskip-v4"} 
r,l,t
3160.0,1529,16.613796
3160.0,1528,33.563132
2700.0,1591,51.220395
2400.0,1460,67.123455
2400.0,1460,83.270607
3660.0,1650,102.424137
