# {"t_start": 1680512298.5791469, "env_id": "CarnivalNoFrameskip-v4"} 
r,l,t
3660.0,1649,17.950237
1820.0,1191,30.992697
2120.0,914,41.316725
2400.0,1461,57.30764
3140.0,1515,73.962007
3160.0,1528,90.982802
