# {"t_start": 1680512298.6626742, "env_id": "CarnivalNoFrameskip-v4"} 
r,l,t
2700.0,1591,17.157405
3660.0,1649,35.44924
3660.0,1649,53.748008
2620.0,1457,69.629277
3660.0,1649,87.930701
3160.0,1530,106.080305
