# {"t_start": 1680536095.573296, "env_id": "TimePilotNoFrameskip-v4"} 
r,l,t
400.0,1892,33.509663
400.0,1812,65.723545
500.0,1161,86.002183
500.0,1161,105.913574
500.0,1164,126.455735
500.0,1160,145.913673
