# {"t_start": 1680536095.5989056, "env_id": "TimePilotNoFrameskip-v4"} 
r,l,t
400.0,1890,33.425287
400.0,1809,65.587901
400.0,1812,97.204174
500.0,1161,117.508921
500.0,1166,137.410398
500.0,1166,157.064577
