# {"t_start": 1680536096.3340132, "env_id": "TimePilotNoFrameskip-v4"} 
r,l,t
400.0,1888,32.618845
500.0,1166,53.288739
500.0,1165,73.829658
500.0,1160,93.900459
500.0,1164,114.214075
400.0,1811,145.231177
500.0,1165,164.985776
