# {"t_start": 1680536096.3773468, "env_id": "TimePilotNoFrameskip-v4"} 
r,l,t
400.0,1890,32.646845
500.0,1159,53.125969
500.0,1162,73.649466
500.0,1165,93.789801
500.0,1163,114.089383
500.0,1166,134.131685
400.0,1809,164.825149
