# {"t_start": 1680536096.4541469, "env_id": "TimePilotNoFrameskip-v4"} 
r,l,t
400.0,1894,32.669163
500.0,1166,53.32359
400.0,1812,85.30777
500.0,1161,105.23309
500.0,1159,125.628386
500.0,1162,145.109324
500.0,1160,164.748233
