# {"t_start": 1680536096.4688044, "env_id": "TimePilotNoFrameskip-v4"} 
r,l,t
300.0,1998,34.558537
500.0,1161,55.042392
500.0,1163,75.497402
500.0,1160,95.602139
500.0,1159,115.813338
400.0,1810,146.679984
