# {"t_start": 1680536096.5982997, "env_id": "TimePilotNoFrameskip-v4"} 
r,l,t
400.0,1890,32.425562
500.0,1166,53.085908
400.0,1809,84.977619
500.0,1162,104.920244
500.0,1161,125.383585
500.0,1166,144.964953
500.0,1163,164.657878
