# {"t_start": 1680536096.6666408, "env_id": "TimePilotNoFrameskip-v4"} 
r,l,t
400.0,1890,32.357806
400.0,1807,64.457638
500.0,1163,84.796182
500.0,1164,104.775913
400.0,1813,136.315219
