# {"t_start": 1680536095.690449, "env_id": "TimePilotNoFrameskip-v4"} 
r,l,t
400.0,1892,33.390635
500.0,1161,53.902999
400.0,1809,85.812351
500.0,1166,105.867115
500.0,1159,126.258476
500.0,1160,145.730598
