# {"t_start": 1680536095.780651, "env_id": "TimePilotNoFrameskip-v4"} 
r,l,t
400.0,1894,33.342271
400.0,1810,65.516288
500.0,1166,85.920135
400.0,1812,117.502872
500.0,1161,137.360475
500.0,1166,156.994659
