# {"t_start": 1680536095.8881898, "env_id": "TimePilotNoFrameskip-v4"} 
r,l,t
400.0,1888,33.064981
500.0,1159,53.570501
400.0,1810,85.506444
400.0,1809,117.110398
400.0,1810,147.934644
