# {"t_start": 1680536095.934435, "env_id": "TimePilotNoFrameskip-v4"} 
r,l,t
300.0,1997,35.0631
500.0,1161,55.540383
500.0,1163,76.006257
500.0,1161,96.136951
400.0,1808,127.934031
500.0,1165,147.280845
