# {"t_start": 1680536096.0194256, "env_id": "TimePilotNoFrameskip-v4"} 
r,l,t
400.0,1889,32.968953
500.0,1161,53.513648
400.0,1814,85.5299
500.0,1166,105.589139
500.0,1166,126.166033
500.0,1164,145.66413
