# {"t_start": 1680536096.0829704, "env_id": "TimePilotNoFrameskip-v4"} 
r,l,t
400.0,1892,32.998966
500.0,1163,53.568829
400.0,1813,85.555035
500.0,1163,105.552224
500.0,1163,126.054131
500.0,1161,145.515862
500.0,1166,165.269586
