# {"t_start": 1680536096.1631732, "env_id": "TimePilotNoFrameskip-v4"} 
r,l,t
400.0,1888,32.790748
500.0,1159,53.294985
500.0,1160,73.778189
500.0,1164,93.900261
500.0,1161,114.152817
500.0,1163,134.167618
500.0,1162,153.655328
