# {"t_start": 1680536096.2461505, "env_id": "TimePilotNoFrameskip-v4"} 
r,l,t
300.0,1998,34.779281
500.0,1160,55.229699
500.0,1160,75.613657
500.0,1161,95.758491
500.0,1160,115.987774
500.0,1165,135.933061
