# {"t_start": 1680473729.1729357, "env_id": "CarnivalNoFrameskip-v4"} 
r,l,t
3890.0,234,3.704918
3840.0,236,6.963978
3840.0,235,10.183014
3240.0,357,15.048252
3840.0,235,18.274412
3840.0,235,21.481851
