# {"t_start": 1680473729.2445564, "env_id": "CarnivalNoFrameskip-v4"} 
r,l,t
3840.0,236,3.692196
3840.0,237,6.965489
3890.0,233,10.146222
3890.0,233,13.299524
3840.0,235,16.506227
3890.0,232,19.612761
3840.0,238,22.865636
