# {"t_start": 1680473729.6939738, "env_id": "CarnivalNoFrameskip-v4"} 
r,l,t
3840.0,238,3.300151
3890.0,232,6.442741
3890.0,232,9.611786
3890.0,233,12.749758
3890.0,232,15.860875
3840.0,236,19.105403
3840.0,236,22.324212
