# {"t_start": 1680473729.7359738, "env_id": "CarnivalNoFrameskip-v4"} 
r,l,t
3890.0,232,3.095473
3840.0,237,6.368476
3840.0,236,9.621509
3890.0,232,12.74505
3840.0,235,15.959092
3840.0,236,19.171162
3840.0,236,22.376224
