# {"t_start": 1680473729.755392, "env_id": "CarnivalNoFrameskip-v4"} 
r,l,t
3890.0,234,3.123199
3890.0,231,6.273
3890.0,234,9.49779
3840.0,236,12.687586
3840.0,234,15.852422
3840.0,238,19.126014
3890.0,234,22.306572
