# {"t_start": 1680473729.808764, "env_id": "CarnivalNoFrameskip-v4"} 
r,l,t
3840.0,237,3.159239
3840.0,237,6.424626
3840.0,237,9.685983
3890.0,233,12.850133
3890.0,231,15.972159
3890.0,234,19.126995
3890.0,232,22.253942
