# {"t_start": 1680473729.8843257, "env_id": "CarnivalNoFrameskip-v4"} 
r,l,t
3840.0,238,3.109646
3890.0,233,6.284065
3840.0,235,9.506462
3890.0,232,12.628906
3890.0,231,15.723475
3840.0,243,19.135312
