# {"t_start": 1680473729.9146059, "env_id": "CarnivalNoFrameskip-v4"} 
r,l,t
3890.0,234,2.965434
3840.0,237,6.254539
3890.0,234,9.444357
3890.0,234,12.628919
3890.0,233,15.780733
3840.0,238,19.046242
3840.0,234,22.198418
