# {"t_start": 1680473729.2870383, "env_id": "CarnivalNoFrameskip-v4"} 
r,l,t
3890.0,234,3.591418
3890.0,234,6.79087
3840.0,237,10.068661
3240.0,357,14.932952
3840.0,237,18.194277
3840.0,237,21.424756
