# {"t_start": 1680473729.332745, "env_id": "CarnivalNoFrameskip-v4"} 
r,l,t
3840.0,235,3.573722
3890.0,233,6.74576
3890.0,234,9.973013
3840.0,238,13.24068
3890.0,231,16.331983
3890.0,232,19.467476
3840.0,238,22.727238
