# {"t_start": 1680473729.4294043, "env_id": "CarnivalNoFrameskip-v4"} 
r,l,t
3840.0,237,3.536725
3840.0,243,6.903985
3840.0,237,10.174018
3840.0,237,13.358764
3240.0,357,18.267385
3840.0,238,21.458188
