# {"t_start": 1680473729.4244409, "env_id": "CarnivalNoFrameskip-v4"} 
r,l,t
3890.0,232,3.406801
3890.0,231,6.556396
3840.0,243,9.965478
3890.0,234,13.149598
3840.0,243,16.506459
3840.0,234,19.664986
