# {"t_start": 1680473729.5237477, "env_id": "CarnivalNoFrameskip-v4"} 
r,l,t
3840.0,237,3.441714
3240.0,357,8.284271
3840.0,235,11.531346
3240.0,357,16.490472
3890.0,233,19.621255
