# {"t_start": 1680473729.5465302, "env_id": "CarnivalNoFrameskip-v4"} 
r,l,t
3240.0,357,5.048299
3890.0,233,8.184014
3840.0,239,11.507807
3840.0,237,14.734987
3840.0,238,18.018034
3840.0,236,21.223079
