# {"t_start": 1680473729.5677655, "env_id": "CarnivalNoFrameskip-v4"} 
r,l,t
3840.0,235,3.34223
3840.0,234,6.536365
3840.0,238,9.854339
3840.0,235,13.053437
3840.0,235,16.253808
3890.0,233,19.394381
