# {"t_start": 1680473729.6019971, "env_id": "CarnivalNoFrameskip-v4"} 
r,l,t
3890.0,232,3.229824
3890.0,231,6.378597
3890.0,232,9.586164
3840.0,236,12.755203
3240.0,357,17.717053
3840.0,234,20.926917
