# {"t_start": 1680619195.3371108, "env_id": "AssaultNoFrameskip-v4"} 
r,l,t
8011.0,5172,39.438443
2718.0,2524,57.17354
2634.0,2113,71.671669
3023.0,2537,88.998514
3654.0,3044,111.336734
6331.0,4730,150.25772
