# {"t_start": 1680619195.3840241, "env_id": "AssaultNoFrameskip-v4"} 
r,l,t
4703.0,3709,28.802763
5814.0,4284,59.069708
2139.0,1982,72.916149
2067.0,1723,84.839315
7801.0,5622,127.35063
8513.0,5714,176.191813
