# {"t_start": 1680619195.8259742, "env_id": "AssaultNoFrameskip-v4"} 
r,l,t
7968.0,5694,42.677562
5347.0,3967,70.138993
3543.0,2860,89.803253
2970.0,2622,109.02504
8266.0,5746,156.466202
