# {"t_start": 1680619195.870071, "env_id": "AssaultNoFrameskip-v4"} 
r,l,t
8422.0,5930,44.32361
2445.0,1991,58.15808
3406.0,2890,78.382084
5807.0,4175,107.758924
7477.0,5195,150.344832
2990.0,2502,172.505075
