# {"t_start": 1680619195.9351225, "env_id": "AssaultNoFrameskip-v4"} 
r,l,t
3117.0,2628,20.028947
1058.0,928,26.996983
3385.0,2848,47.366548
3943.0,3035,68.27526
1498.0,1319,77.726998
2718.0,2178,92.13191
6215.0,4698,129.043975
3365.0,2850,152.568143
