# {"t_start": 1680619195.9643643, "env_id": "AssaultNoFrameskip-v4"} 
r,l,t
3419.0,2605,19.840763
9532.0,7243,71.403853
3460.0,2819,90.642415
849.0,896,96.368806
7697.0,5566,141.408396
4232.0,3341,170.319288
