# {"t_start": 1680619195.9588683, "env_id": "AssaultNoFrameskip-v4"} 
r,l,t
5859.0,3885,29.497839
3604.0,2790,49.138771
9305.0,6125,91.516292
3533.0,3009,114.398487
3365.0,2750,136.661896
5262.0,4081,171.987408
