# {"t_start": 1680619196.0961416, "env_id": "AssaultNoFrameskip-v4"} 
r,l,t
3292.0,2762,20.906702
3540.0,3143,43.793765
7477.0,5195,80.330195
2024.0,1684,91.179314
1898.0,1565,102.277249
3521.0,2916,126.161521
