# {"t_start": 1680619195.4389324, "env_id": "AssaultNoFrameskip-v4"} 
r,l,t
7769.0,5276,40.043387
3531.0,2856,59.951668
4421.0,3708,85.667768
3469.0,2856,105.769119
1498.0,1319,116.611699
5779.0,4122,150.292656
3419.0,2605,173.352186
