# {"t_start": 1680619195.4809036, "env_id": "AssaultNoFrameskip-v4"} 
r,l,t
6985.0,4886,37.235697
3011.0,2530,54.942184
4608.0,3712,81.096518
3106.0,2764,99.279176
8455.0,5849,146.92079
2602.0,2338,167.189952
