# {"t_start": 1680619195.5164278, "env_id": "AssaultNoFrameskip-v4"} 
r,l,t
4730.0,3344,25.810824
2948.0,2652,45.05569
3836.0,3277,67.619854
2423.0,2105,82.721126
2876.0,2370,98.120672
5786.0,4221,132.278658
3044.0,2666,154.513026
