# {"t_start": 1680619195.5659401, "env_id": "AssaultNoFrameskip-v4"} 
r,l,t
7623.0,5408,40.869193
3668.0,2761,60.123068
3145.0,2699,79.099272
4391.0,3467,102.766023
3658.0,2781,125.571843
3763.0,2981,149.793774
