# {"t_start": 1680619195.6443594, "env_id": "AssaultNoFrameskip-v4"} 
r,l,t
6037.0,4603,35.078481
7457.0,5121,70.859218
4568.0,3489,94.124904
3240.0,2852,116.911971
3576.0,2950,140.769746
3565.0,2914,165.628541
