# {"t_start": 1680619195.6766071, "env_id": "AssaultNoFrameskip-v4"} 
r,l,t
3137.0,2593,20.012689
7477.0,5195,57.436758
3169.0,2599,75.506945
3207.0,2527,92.390508
4567.0,3710,121.685382
5700.0,4060,154.878533
