# {"t_start": 1680619195.6754153, "env_id": "AssaultNoFrameskip-v4"} 
r,l,t
3941.0,3067,23.70802
2181.0,1817,36.88873
3000.0,2567,54.928272
5264.0,3886,82.289263
3426.0,2785,100.849015
5873.0,4013,133.406782
5479.0,3997,167.331369
