# {"t_start": 1680619195.7755284, "env_id": "AssaultNoFrameskip-v4"} 
r,l,t
3679.0,2978,22.928018
3355.0,2686,42.429986
5376.0,4074,70.756111
6008.0,4041,98.128842
3969.0,3163,123.981567
4141.0,3535,152.845468
