# {"t_start": 1680573923.5164998, "env_id": "SkiingNoFrameskip-v4"} 
r,l,t
-8996.0,526,11.241443
-8998.0,526,21.122541
-8976.0,523,31.022738
-8976.0,523,41.115656
-8995.0,526,51.666531
-8970.0,522,62.436991
