# {"t_start": 1680573923.5648916, "env_id": "SkiingNoFrameskip-v4"} 
r,l,t
-8983.0,524,11.131842
-8978.0,523,20.890513
-8998.0,526,30.911692
-8975.0,523,40.997447
-9008.0,528,51.618805
-9008.0,528,62.582646
