# {"t_start": 1680573923.9677808, "env_id": "SkiingNoFrameskip-v4"} 
r,l,t
-8966.0,521,10.622813
-9006.0,527,20.518569
-9000.0,526,30.542279
-8966.0,521,40.568182
-8995.0,526,51.135599
-8991.0,525,61.985396
