# {"t_start": 1680573923.9243138, "env_id": "SkiingNoFrameskip-v4"} 
r,l,t
-8983.0,524,10.772641
-8963.0,521,20.47085
-8983.0,524,30.428908
-9001.0,527,40.638287
-8988.0,525,51.17786
-9010.0,528,62.1293
