# {"t_start": 1680573924.0512254, "env_id": "SkiingNoFrameskip-v4"} 
r,l,t
-9008.0,528,10.779202
-9008.0,528,20.685549
-8998.0,526,30.626581
-8976.0,523,40.757621
-8963.0,521,51.204032
-8983.0,524,62.031755
