# {"t_start": 1680573924.0984457, "env_id": "SkiingNoFrameskip-v4"} 
r,l,t
-9005.0,527,10.69506
-8976.0,523,20.455114
-8990.0,525,30.441046
-8968.0,522,40.500551
-8963.0,521,50.916207
-8985.0,524,61.764914
