# {"t_start": 1680573924.1438205, "env_id": "SkiingNoFrameskip-v4"} 
r,l,t
-8981.0,524,10.552468
-9008.0,528,20.494195
-8978.0,523,30.396312
-8980.0,523,40.48988
-8973.0,522,50.928805
-9010.0,528,61.871534
