# {"t_start": 1680573924.1886175, "env_id": "SkiingNoFrameskip-v4"} 
r,l,t
-8983.0,524,10.508321
-8965.0,521,20.207186
-8988.0,525,30.202166
-8996.0,526,40.374821
-9005.0,527,50.961574
-8978.0,523,61.765804
