# {"t_start": 1680573923.6087482, "env_id": "SkiingNoFrameskip-v4"} 
r,l,t
-8993.0,525,11.119663
-8973.0,522,20.847283
-8978.0,523,30.783064
-9010.0,528,41.022321
-8963.0,521,51.431646
-8968.0,522,62.223225
-9005.0,527,72.764752
