# {"t_start": 1680573923.6546946, "env_id": "SkiingNoFrameskip-v4"} 
r,l,t
-9006.0,527,11.139264
-8985.0,524,20.950846
-9006.0,527,30.947617
-8998.0,526,41.118164
-8975.0,523,51.637368
-9010.0,528,62.559439
