# {"t_start": 1680573923.7058845, "env_id": "SkiingNoFrameskip-v4"} 
r,l,t
-8966.0,521,10.884652
-8963.0,521,20.608092
-8985.0,524,30.577013
-8978.0,523,40.658811
-8985.0,524,51.173987
-8986.0,524,62.008649
-8980.0,523,72.505867
