# {"t_start": 1680573923.7410152, "env_id": "SkiingNoFrameskip-v4"} 
r,l,t
-8998.0,526,11.017651
-8975.0,523,20.780768
-8990.0,525,30.767697
-8975.0,523,40.857834
-8971.0,522,51.298576
-9003.0,527,62.212628
