# {"t_start": 1680573923.787571, "env_id": "SkiingNoFrameskip-v4"} 
r,l,t
-8975.0,523,10.877001
-8976.0,523,20.633161
-9011.0,528,30.721863
-9008.0,528,40.920989
-9010.0,528,51.590419
-8996.0,526,62.457934
