# {"t_start": 1680573923.8316836, "env_id": "SkiingNoFrameskip-v4"} 
r,l,t
-8995.0,526,10.925779
-8988.0,525,20.772666
-9005.0,527,30.770109
-8990.0,525,40.910547
-8990.0,525,51.488739
-8976.0,523,62.289455
