# {"t_start": 1680573923.8792915, "env_id": "SkiingNoFrameskip-v4"} 
r,l,t
-8970.0,522,10.744715
-8963.0,521,20.463383
-8966.0,521,30.344321
-8996.0,526,40.520694
-8975.0,523,51.00041
-8988.0,525,61.885405
-8981.0,524,72.376136
