# {"t_start": 1680573923.9244802, "env_id": "SkiingNoFrameskip-v4"} 
r,l,t
-9005.0,527,10.868946
-8970.0,522,20.598023
-8970.0,522,30.505146
-8973.0,522,40.549593
-8970.0,522,51.01758
-9001.0,527,61.937265
-8991.0,525,72.421096
