# {"t_start": 1680475178.059411, "env_id": "AsteroidsNoFrameskip-v4"} 
r,l,t
530.0,533,9.57918
780.0,387,16.311329
630.0,332,21.849435
480.0,379,28.220339
1030.0,738,40.86529
