# {"t_start": 1680475178.089476, "env_id": "AsteroidsNoFrameskip-v4"} 
r,l,t
780.0,336,6.114365
780.0,422,13.472703
630.0,420,20.475407
630.0,420,27.600091
630.0,348,33.453678
630.0,400,40.217321
680.0,413,47.120401
