# {"t_start": 1680475178.542746, "env_id": "AsteroidsNoFrameskip-v4"} 
r,l,t
680.0,413,7.033407
630.0,400,14.0312
630.0,400,20.692084
680.0,350,26.485011
630.0,400,33.368649
780.0,469,41.343019
730.0,416,48.186325
