# {"t_start": 1680475178.6383185, "env_id": "AsteroidsNoFrameskip-v4"} 
r,l,t
480.0,284,4.624285
780.0,439,12.323941
780.0,387,18.774695
480.0,284,23.450132
630.0,348,29.417534
730.0,416,36.559248
780.0,387,42.96519
630.0,332,48.397062
