# {"t_start": 1680475178.6862698, "env_id": "AsteroidsNoFrameskip-v4"} 
r,l,t
480.0,373,6.183677
480.0,305,11.449667
480.0,373,17.735265
780.0,469,25.644731
730.0,331,31.265817
630.0,529,40.239848
