# {"t_start": 1680475178.7353299, "env_id": "AsteroidsNoFrameskip-v4"} 
r,l,t
630.0,347,5.674592
630.0,347,11.748247
780.0,422,18.785564
630.0,420,25.860949
480.0,305,31.025571
480.0,373,37.366265
480.0,284,42.033528
