# {"t_start": 1680475178.7330487, "env_id": "AsteroidsNoFrameskip-v4"} 
r,l,t
680.0,413,6.843719
630.0,420,14.187494
1030.0,738,26.655568
480.0,374,33.022661
480.0,305,38.152136
