# {"t_start": 1680475178.7579882, "env_id": "AsteroidsNoFrameskip-v4"} 
r,l,t
530.0,533,8.880756
630.0,347,14.926474
930.0,514,23.525206
580.0,282,28.273536
680.0,350,34.288316
630.0,529,43.216514
