# {"t_start": 1680475178.1343784, "env_id": "AsteroidsNoFrameskip-v4"} 
r,l,t
480.0,373,6.735518
930.0,514,15.687766
780.0,422,22.729344
480.0,379,29.126583
630.0,347,35.075961
630.0,347,40.832707
630.0,420,47.777046
