# {"t_start": 1680475178.1849852, "env_id": "AsteroidsNoFrameskip-v4"} 
r,l,t
630.0,332,5.906044
680.0,350,12.047803
930.0,514,20.703573
630.0,529,29.716304
480.0,305,34.930068
480.0,374,41.183156
680.0,413,48.011162
