# {"t_start": 1680475178.2697332, "env_id": "AsteroidsNoFrameskip-v4"} 
r,l,t
780.0,439,7.776582
830.0,689,19.614494
780.0,439,27.031493
780.0,422,34.239412
480.0,379,40.624966
