# {"t_start": 1680475178.3075302, "env_id": "AsteroidsNoFrameskip-v4"} 
r,l,t
480.0,284,4.955866
480.0,305,10.219933
830.0,689,22.031504
930.0,514,30.813784
830.0,689,42.571308
