# {"t_start": 1680475178.3302374, "env_id": "AsteroidsNoFrameskip-v4"} 
r,l,t
780.0,422,7.394444
480.0,379,14.013654
1030.0,738,26.49432
480.0,379,32.943924
630.0,276,37.617716
510.0,377,43.935608
