# {"t_start": 1680475178.3804748, "env_id": "AsteroidsNoFrameskip-v4"} 
r,l,t
480.0,379,6.607128
630.0,420,13.924319
580.0,284,18.597151
630.0,347,24.351799
630.0,529,33.441857
780.0,336,39.132479
780.0,387,45.562219
