# {"t_start": 1680475178.443134, "env_id": "AsteroidsNoFrameskip-v4"} 
r,l,t
630.0,348,5.994649
730.0,331,11.729481
680.0,413,18.668788
1030.0,738,31.318247
1030.0,738,43.958135
