# {"t_start": 1680475178.4753733, "env_id": "AsteroidsNoFrameskip-v4"} 
r,l,t
630.0,400,6.891128
480.0,305,12.174585
480.0,284,16.877358
780.0,336,22.475505
480.0,379,28.87758
730.0,331,34.527788
530.0,533,43.551543
