# {"t_start": 1680519739.7054117, "env_id": "FreewayNoFrameskip-v4"} 
r,l,t
0.0,2046,21.225627
0.0,2046,41.659355
0.0,2043,62.023532
0.0,2043,82.536005
0.0,2046,103.439934
0.0,2042,124.539877
