# {"t_start": 1680519739.774036, "env_id": "FreewayNoFrameskip-v4"} 
r,l,t
0.0,2044,21.085675
0.0,2043,41.418015
0.0,2046,61.886751
0.0,2043,82.394113
0.0,2048,103.370552
0.0,2048,124.643988
