# {"t_start": 1680519740.3382356, "env_id": "FreewayNoFrameskip-v4"} 
r,l,t
0.0,2041,20.419462
0.0,2047,40.890549
0.0,2046,61.357916
0.0,2041,81.804633
0.0,2045,102.701739
0.0,2045,123.884403
