# {"t_start": 1680519740.419438, "env_id": "FreewayNoFrameskip-v4"} 
r,l,t
0.0,2044,20.440215
0.0,2041,40.690903
0.0,2044,61.130653
0.0,2047,81.749129
0.0,2045,102.651005
0.0,2048,123.903005
