# {"t_start": 1680519740.484123, "env_id": "FreewayNoFrameskip-v4"} 
r,l,t
0.0,2047,20.487805
0.0,2047,40.918594
0.0,2046,61.362598
0.0,2043,81.868041
0.0,2041,102.66043
0.0,2044,123.80438
