# {"t_start": 1680519740.533734, "env_id": "FreewayNoFrameskip-v4"} 
r,l,t
0.0,2047,20.434353
0.0,2043,40.758665
0.0,2045,61.198028
0.0,2042,81.670646
0.0,2041,102.434095
0.0,2044,123.646115
