# {"t_start": 1680519740.5655377, "env_id": "FreewayNoFrameskip-v4"} 
r,l,t
0.0,2044,20.29481
0.0,2048,40.799301
0.0,2043,61.167535
0.0,2043,81.678191
0.0,2042,102.471696
0.0,2048,123.723169
