# {"t_start": 1680519740.6268408, "env_id": "FreewayNoFrameskip-v4"} 
r,l,t
0.0,2044,20.23315
0.0,2041,40.484027
0.0,2045,60.94896
0.0,2046,81.541828
0.0,2047,102.4814
0.0,2043,123.61984
