# {"t_start": 1680519739.8480217, "env_id": "FreewayNoFrameskip-v4"} 
r,l,t
0.0,2045,21.045218
0.0,2042,41.346746
0.0,2043,61.728045
0.0,2048,82.396158
0.0,2041,103.151644
0.0,2042,124.298521
0.0,2047,145.705848
