# {"t_start": 1680519739.9234874, "env_id": "FreewayNoFrameskip-v4"} 
r,l,t
0.0,2047,21.042665
0.0,2044,41.409337
0.0,2047,61.88557
0.0,2046,82.465068
0.0,2042,103.273059
0.0,2048,124.546108
