# {"t_start": 1680519740.036051, "env_id": "FreewayNoFrameskip-v4"} 
r,l,t
0.0,2041,20.721531
0.0,2041,40.994768
0.0,2044,61.437404
0.0,2043,81.972801
0.0,2044,102.844923
0.0,2044,124.009871
0.0,2043,145.382503
