# {"t_start": 1680519740.054923, "env_id": "FreewayNoFrameskip-v4"} 
r,l,t
0.0,2046,20.878208
0.0,2043,41.200493
0.0,2045,61.638342
0.0,2043,82.149679
0.0,2042,102.944908
0.0,2047,124.189556
