# {"t_start": 1680519740.0677717, "env_id": "FreewayNoFrameskip-v4"} 
r,l,t
0.0,2043,20.754997
0.0,2043,41.094702
0.0,2048,61.621855
0.0,2047,82.231425
0.0,2048,103.228045
0.0,2046,124.437384
