# {"t_start": 1680519740.2205148, "env_id": "FreewayNoFrameskip-v4"} 
r,l,t
0.0,2045,20.674654
0.0,2045,41.070266
0.0,2047,61.556756
0.0,2045,82.100171
0.0,2045,103.002798
0.0,2043,124.137938
