# {"t_start": 1680519740.2317185, "env_id": "FreewayNoFrameskip-v4"} 
r,l,t
0.0,2042,20.555678
0.0,2041,40.82665
0.0,2041,61.195593
0.0,2046,81.800278
0.0,2042,102.617537
0.0,2045,123.81251
0.0,2044,145.213001
