# {"t_start": 1680519740.3075607, "env_id": "FreewayNoFrameskip-v4"} 
r,l,t
0.0,2047,20.65965
0.0,2042,40.948086
0.0,2042,61.298919
0.0,2042,81.784234
0.0,2042,102.611014
0.0,2047,123.868362
0.0,2045,145.214943
