# {"t_start": 1680526467.560402, "env_id": "FreewayNoFrameskip-v4"} 
r,l,t
0.0,2046,34.709959
0.0,2046,68.463064
0.0,2043,101.000183
0.0,2043,135.03275
0.0,2046,170.094127
0.0,2042,204.886628
