# {"t_start": 1680526467.639514, "env_id": "FreewayNoFrameskip-v4"} 
r,l,t
0.0,2044,34.539634
0.0,2043,68.181921
0.0,2046,100.844726
0.0,2043,134.880368
0.0,2048,170.016402
0.0,2048,204.993762
