# {"t_start": 1680526468.328875, "env_id": "FreewayNoFrameskip-v4"} 
r,l,t
0.0,2041,33.734101
0.0,2047,67.532999
0.0,2046,100.192191
0.0,2041,134.162627
0.0,2045,169.191154
0.0,2045,204.084902
