# {"t_start": 1680526468.4009304, "env_id": "FreewayNoFrameskip-v4"} 
r,l,t
0.0,2044,33.779022
0.0,2041,67.356841
0.0,2044,99.960616
0.0,2047,134.119402
0.0,2045,169.154834
0.0,2048,204.151779
