# {"t_start": 1680526468.498765, "env_id": "FreewayNoFrameskip-v4"} 
r,l,t
0.0,2047,33.813071
0.0,2047,67.57857
0.0,2046,100.201799
0.0,2043,134.249106
0.0,2041,169.158041
0.0,2044,204.00332
