# {"t_start": 1680526468.544221, "env_id": "FreewayNoFrameskip-v4"} 
r,l,t
0.0,2047,33.765195
0.0,2043,67.407106
0.0,2045,100.016446
0.0,2042,134.008087
0.0,2041,168.886169
0.0,2044,203.796981
