# {"t_start": 1680526468.6065068, "env_id": "FreewayNoFrameskip-v4"} 
r,l,t
0.0,2044,33.573324
0.0,2048,67.41784
0.0,2043,99.955634
0.0,2043,133.989556
0.0,2042,168.913168
0.0,2048,203.895278
