# {"t_start": 1680526468.703346, "env_id": "FreewayNoFrameskip-v4"} 
r,l,t
0.0,2044,33.47729
0.0,2041,67.054684
0.0,2045,99.690645
0.0,2046,133.817121
0.0,2047,168.91684
0.0,2043,203.742441
