# {"t_start": 1680526467.7395, "env_id": "FreewayNoFrameskip-v4"} 
r,l,t
0.0,2045,34.486246
0.0,2042,68.082096
0.0,2043,100.654577
0.0,2048,134.853698
0.0,2041,169.718986
0.0,2042,204.571192
0.0,2047,239.000342
