# {"t_start": 1680526467.794411, "env_id": "FreewayNoFrameskip-v4"} 
r,l,t
0.0,2047,34.516653
0.0,2044,68.190247
0.0,2047,100.858189
0.0,2046,134.997875
0.0,2042,169.914911
0.0,2048,204.891578
