# {"t_start": 1680526467.866719, "env_id": "FreewayNoFrameskip-v4"} 
r,l,t
0.0,2041,34.196404
0.0,2041,67.814976
0.0,2044,100.433088
0.0,2043,134.458824
0.0,2044,169.43724
0.0,2044,204.339928
0.0,2043,238.681734
