# {"t_start": 1680526467.9395494, "env_id": "FreewayNoFrameskip-v4"} 
r,l,t
0.0,2046,34.333625
0.0,2043,67.963603
0.0,2045,100.581539
0.0,2043,134.612613
0.0,2042,169.519059
0.0,2047,204.508028
