# {"t_start": 1680526468.0027516, "env_id": "FreewayNoFrameskip-v4"} 
r,l,t
0.0,2043,34.139999
0.0,2043,67.788852
0.0,2048,100.518998
0.0,2047,134.675722
0.0,2048,169.786776
0.0,2046,204.732927
