# {"t_start": 1680526468.0750372, "env_id": "FreewayNoFrameskip-v4"} 
r,l,t
0.0,2045,34.152442
0.0,2045,67.876101
0.0,2047,100.541837
0.0,2045,134.634044
0.0,2045,169.667136
0.0,2043,204.512928
