# {"t_start": 1680526468.1725712, "env_id": "FreewayNoFrameskip-v4"} 
r,l,t
0.0,2042,33.930598
0.0,2041,67.540444
0.0,2041,100.073837
0.0,2046,134.202684
0.0,2042,169.060688
0.0,2045,204.031965
0.0,2044,238.409342
