# {"t_start": 1680526468.239651, "env_id": "FreewayNoFrameskip-v4"} 
r,l,t
0.0,2047,34.069751
0.0,2042,67.663525
0.0,2042,100.185485
0.0,2042,134.200272
0.0,2042,169.125818
0.0,2047,204.100425
0.0,2045,238.467224
