# {"t_start": 1680503482.761638, "env_id": "AsteroidsNoFrameskip-v4"} 
r,l,t
630.0,591,6.375256
730.0,382,10.218468
730.0,338,13.420898
730.0,338,16.812767
630.0,323,19.935364
780.0,324,23.089871
730.0,547,28.310912
