# {"t_start": 1680503482.82193, "env_id": "AsteroidsNoFrameskip-v4"} 
r,l,t
630.0,432,4.616176
730.0,410,8.800097
730.0,382,12.527032
680.0,370,16.162509
580.0,612,22.245725
580.0,612,28.102692
