# {"t_start": 1680503483.2557304, "env_id": "AsteroidsNoFrameskip-v4"} 
r,l,t
680.0,408,3.966391
860.0,566,9.751346
680.0,382,13.460699
680.0,408,17.436157
630.0,323,20.687687
630.0,500,25.446011
680.0,382,29.049611
