# {"t_start": 1680503483.2831838, "env_id": "AsteroidsNoFrameskip-v4"} 
r,l,t
630.0,432,4.157032
780.0,641,10.695126
630.0,432,14.894064
730.0,946,24.327742
730.0,500,29.07539
