# {"t_start": 1680503483.3262124, "env_id": "AsteroidsNoFrameskip-v4"} 
r,l,t
580.0,612,6.036422
580.0,612,12.138684
730.0,382,15.915295
730.0,338,19.155735
780.0,641,25.458735
630.0,432,29.63648
