# {"t_start": 1680503483.3660882, "env_id": "AsteroidsNoFrameskip-v4"} 
r,l,t
730.0,547,5.319986
730.0,338,8.709795
680.0,458,13.195326
630.0,379,16.94471
780.0,641,23.259306
630.0,380,26.842302
