# {"t_start": 1680503483.4448898, "env_id": "AsteroidsNoFrameskip-v4"} 
r,l,t
680.0,384,3.571116
580.0,612,9.779716
730.0,410,13.748476
680.0,410,17.747563
510.0,367,21.395554
630.0,382,25.004096
