# {"t_start": 1680503483.4584486, "env_id": "AsteroidsNoFrameskip-v4"} 
r,l,t
630.0,432,3.982017
530.0,382,7.835882
730.0,500,12.762441
630.0,591,18.656272
730.0,547,24.025223
730.0,410,27.939702
