# {"t_start": 1680503482.8859532, "env_id": "AsteroidsNoFrameskip-v4"} 
r,l,t
680.0,470,5.001491
510.0,367,8.659562
730.0,410,12.697461
630.0,382,16.475123
780.0,641,22.8292
630.0,379,26.473367
