# {"t_start": 1680503482.9032447, "env_id": "AsteroidsNoFrameskip-v4"} 
r,l,t
860.0,566,5.964939
630.0,380,9.778281
860.0,566,15.381504
730.0,382,19.095333
680.0,370,22.73375
630.0,382,26.417883
680.0,382,30.05826
