# {"t_start": 1680503482.9712532, "env_id": "AsteroidsNoFrameskip-v4"} 
r,l,t
680.0,408,4.250042
780.0,641,10.772365
630.0,380,14.451401
730.0,410,18.474364
630.0,380,22.221231
680.0,634,28.331928
