# {"t_start": 1680503483.011335, "env_id": "AsteroidsNoFrameskip-v4"} 
r,l,t
730.0,382,3.975281
680.0,370,7.588767
680.0,458,12.171217
680.0,370,15.840881
610.0,372,19.43617
730.0,1008,29.321777
