# {"t_start": 1680503483.07498, "env_id": "AsteroidsNoFrameskip-v4"} 
r,l,t
680.0,370,3.756042
730.0,338,7.148028
680.0,332,10.470506
580.0,612,16.540112
630.0,382,20.331777
630.0,591,26.026658
680.0,382,29.662087
