# {"t_start": 1680503483.0870624, "env_id": "AsteroidsNoFrameskip-v4"} 
r,l,t
630.0,323,3.248736
730.0,500,8.299819
730.0,547,13.777171
680.0,458,18.23313
680.0,458,22.787333
730.0,338,25.996149
630.0,382,29.623855
