# {"t_start": 1680503483.1571267, "env_id": "AsteroidsNoFrameskip-v4"} 
r,l,t
780.0,324,3.204953
780.0,641,9.733917
680.0,408,13.742426
630.0,591,19.581463
680.0,370,23.139325
730.0,500,27.949428
