# {"t_start": 1680503483.1927722, "env_id": "AsteroidsNoFrameskip-v4"} 
r,l,t
730.0,547,5.492123
780.0,324,8.753912
780.0,324,11.84245
510.0,367,15.457194
780.0,324,18.634248
730.0,946,27.88073
