# {"t_start": 1680563728.4092903, "env_id": "AssaultNoFrameskip-v4"} 
r,l,t
1312.0,954,11.56505
1396.0,1140,24.943619
1646.0,1244,40.038215
1951.0,1633,59.452767
1847.0,1339,75.391465
1879.0,1547,93.783459
