# {"t_start": 1680563728.4679022, "env_id": "AssaultNoFrameskip-v4"} 
r,l,t
1070.0,932,11.20184
1396.0,1068,23.716313
1742.0,1497,42.050769
1552.0,1241,56.535038
1615.0,1300,72.045243
1153.0,896,82.695958
