# {"t_start": 1680563728.8977077, "env_id": "AssaultNoFrameskip-v4"} 
r,l,t
1353.0,1181,13.783536
1531.0,1200,28.058817
1364.0,1072,41.13053
1742.0,1344,56.849078
1878.0,1488,74.601505
1835.0,1445,91.749103
