# {"t_start": 1680563728.951562, "env_id": "AssaultNoFrameskip-v4"} 
r,l,t
1543.0,1239,14.474712
1269.0,974,25.993682
1553.0,1215,40.704315
1386.0,1079,53.33079
1123.0,964,64.674949
1752.0,1379,81.26264
