# {"t_start": 1680563728.970109, "env_id": "AssaultNoFrameskip-v4"} 
r,l,t
1364.0,988,11.541951
1680.0,1311,26.953883
1236.0,1034,39.414431
1426.0,1269,54.456845
1059.0,867,64.621842
1878.0,1502,82.636889
