# {"t_start": 1680563729.0350075, "env_id": "AssaultNoFrameskip-v4"} 
r,l,t
1847.0,1518,17.592403
1553.0,1350,33.859366
1374.0,1164,47.652877
1742.0,1497,65.497374
1552.0,1047,77.982141
1375.0,994,89.696128
