# {"t_start": 1680563729.089261, "env_id": "AssaultNoFrameskip-v4"} 
r,l,t
1479.0,1120,12.91457
1552.0,1241,27.601986
1344.0,1171,41.901111
1836.0,1312,57.191799
1773.0,1439,74.373561
1344.0,1098,87.429474
