# {"t_start": 1680563729.1633182, "env_id": "AssaultNoFrameskip-v4"} 
r,l,t
1395.0,1194,13.674781
1279.0,1022,25.835741
1500.0,1249,41.013968
1312.0,1025,52.884357
1742.0,1344,68.911315
1259.0,1062,81.570909
