# {"t_start": 1680563728.4833019, "env_id": "AssaultNoFrameskip-v4"} 
r,l,t
1320.0,1082,13.043065
1520.0,1305,28.591021
1353.0,1076,41.65193
1511.0,1217,55.794573
1333.0,1062,68.485547
881.0,772,77.600677
1469.0,1209,91.977838
