# {"t_start": 1680563728.544219, "env_id": "AssaultNoFrameskip-v4"} 
r,l,t
1816.0,1452,17.376772
1164.0,905,28.081187
1259.0,1084,41.33893
1669.0,1280,56.255031
1627.0,1231,70.900833
1594.0,1256,85.815802
