# {"t_start": 1680563728.6162822, "env_id": "AssaultNoFrameskip-v4"} 
r,l,t
1269.0,974,11.620536
1048.0,946,22.671825
1805.0,1358,39.100983
1269.0,956,50.494203
966.0,847,60.347562
1363.0,1110,73.625686
1406.0,1141,87.222631
