# {"t_start": 1680563728.6643276, "env_id": "AssaultNoFrameskip-v4"} 
r,l,t
1510.0,1112,13.236569
1290.0,1167,26.982695
1344.0,1098,40.311131
1677.0,1425,57.137549
1405.0,1194,71.367958
1363.0,1098,84.451111
