# {"t_start": 1680563728.7045286, "env_id": "AssaultNoFrameskip-v4"} 
r,l,t
1709.0,1420,16.748874
1595.0,1185,30.988867
1501.0,1083,44.158292
1500.0,1217,58.258563
1763.0,1360,74.486255
1260.0,1037,86.876381
