# {"t_start": 1680563728.7538054, "env_id": "AssaultNoFrameskip-v4"} 
r,l,t
1102.0,945,11.101198
1006.0,953,22.251476
1658.0,1302,38.024255
1469.0,1246,52.828976
1017.0,886,63.138221
1857.0,1508,81.316804
