# {"t_start": 1680563728.8076472, "env_id": "AssaultNoFrameskip-v4"} 
r,l,t
1186.0,990,11.746464
839.0,715,19.907419
1405.0,1269,35.30671
1332.0,1019,47.327248
2236.0,1827,69.099118
892.0,873,79.469019
1532.0,1206,93.797023
