# {"t_start": 1680563728.8377848, "env_id": "AssaultNoFrameskip-v4"} 
r,l,t
1302.0,944,10.988695
1542.0,1247,25.753809
1386.0,1079,38.775
1133.0,916,49.751693
1909.0,1401,66.267644
1721.0,1387,82.8306
1312.0,954,94.115016
