# {"t_start": 1680614548.7367206, "env_id": "FrostbiteNoFrameskip-v4"} 
r,l,t
270.0,683,8.868922
270.0,686,17.471056
270.0,685,25.998363
270.0,636,34.1301
270.0,636,41.706162
270.0,638,49.469563
