# {"t_start": 1680614548.7882526, "env_id": "FrostbiteNoFrameskip-v4"} 
r,l,t
270.0,639,8.187797
270.0,715,17.20393
270.0,634,25.142679
270.0,636,33.19653
270.0,639,40.885506
270.0,633,48.560338
