# {"t_start": 1680614549.150753, "env_id": "FrostbiteNoFrameskip-v4"} 
r,l,t
270.0,716,8.926044
270.0,633,16.696583
270.0,633,24.660393
270.0,682,33.335707
270.0,633,40.91491
270.0,640,48.733805
