# {"t_start": 1680614549.1992815, "env_id": "FrostbiteNoFrameskip-v4"} 
r,l,t
270.0,681,8.334796
270.0,687,16.978222
270.0,686,25.536158
270.0,681,34.319892
270.0,685,42.389022
270.0,636,50.299351
