# {"t_start": 1680614549.2527204, "env_id": "FrostbiteNoFrameskip-v4"} 
r,l,t
270.0,637,7.669235
270.0,632,15.558697
270.0,635,23.492133
270.0,640,31.634199
270.0,638,39.427731
270.0,639,47.214228
270.0,712,56.245925
