# {"t_start": 1680614549.2704084, "env_id": "FrostbiteNoFrameskip-v4"} 
r,l,t
270.0,687,8.422212
270.0,641,16.337089
270.0,715,25.317314
270.0,636,33.451298
270.0,632,41.002598
270.0,635,48.742126
