# {"t_start": 1680614549.3617458, "env_id": "FrostbiteNoFrameskip-v4"} 
r,l,t
270.0,716,8.713876
270.0,636,16.577621
270.0,636,24.570049
270.0,635,32.585344
270.0,632,40.191535
270.0,713,48.925215
