# {"t_start": 1680614549.3848715, "env_id": "FrostbiteNoFrameskip-v4"} 
r,l,t
270.0,637,7.538245
270.0,641,15.57752
270.0,634,23.509951
270.0,683,32.165182
270.0,711,40.825322
270.0,639,48.59939
