# {"t_start": 1680614548.8225577, "env_id": "FrostbiteNoFrameskip-v4"} 
r,l,t
270.0,637,8.10027
270.0,712,17.023252
270.0,715,26.072672
270.0,636,34.198349
270.0,641,41.801718
270.0,641,49.657341
