# {"t_start": 1680614548.8554556, "env_id": "FrostbiteNoFrameskip-v4"} 
r,l,t
270.0,685,8.794895
270.0,711,17.699113
270.0,634,25.59417
270.0,639,33.722138
270.0,632,41.279759
270.0,635,49.005978
270.0,638,57.160195
