# {"t_start": 1680614548.898496, "env_id": "FrostbiteNoFrameskip-v4"} 
r,l,t
270.0,716,9.177693
270.0,713,18.03928
270.0,716,26.981519
270.0,715,36.128915
270.0,636,43.74707
270.0,639,51.511571
