# {"t_start": 1680614548.9391177, "env_id": "FrostbiteNoFrameskip-v4"} 
r,l,t
270.0,681,8.594886
270.0,632,16.469421
270.0,713,25.451895
270.0,712,34.63114
270.0,713,43.074168
270.0,684,51.471795
