# {"t_start": 1680614548.9732654, "env_id": "FrostbiteNoFrameskip-v4"} 
r,l,t
270.0,715,9.068595
270.0,636,16.935481
270.0,636,24.924461
270.0,682,33.605789
270.0,711,42.12811
270.0,638,49.97871
