# {"t_start": 1680614549.0467937, "env_id": "FrostbiteNoFrameskip-v4"} 
r,l,t
270.0,636,7.845881
270.0,636,15.816921
270.0,639,23.822302
270.0,687,32.578148
270.0,641,40.304062
270.0,639,48.065691
