# {"t_start": 1680614549.1033616, "env_id": "FrostbiteNoFrameskip-v4"} 
r,l,t
270.0,685,8.548677
270.0,638,16.43948
270.0,638,24.477818
270.0,636,32.488668
270.0,638,40.170596
270.0,636,47.919038
270.0,641,56.132049
