# {"t_start": 1680614549.1237943, "env_id": "FrostbiteNoFrameskip-v4"} 
r,l,t
270.0,633,7.713162
270.0,632,15.616009
270.0,681,24.246516
270.0,637,32.283198
270.0,682,40.591922
270.0,638,48.353292
270.0,637,56.484889
