# {"t_start": 1680415389.3651695, "env_id": "MsPacmanNoFrameskip-v4"} 
r,l,t
200.0,571,5.44616
230.0,536,6.18752
