# {"t_start": 1680809516.2857184, "env_id": "JourneyEscapeNoFrameskip-v4"} 
r,l,t
-2400.0,735,6.238474
0.0,736,12.193026
-3500.0,732,18.762616
-3500.0,732,25.247314
-1200.0,735,31.365238
-900.0,731,37.997158
