# {"t_start": 1680809516.3078644, "env_id": "JourneyEscapeNoFrameskip-v4"} 
r,l,t
-9100.0,733,6.159737
0.0,733,12.025725
0.0,736,18.71472
-300.0,732,25.193967
-1200.0,737,31.371638
-1200.0,737,38.134174
