# {"t_start": 1680809516.6424406, "env_id": "JourneyEscapeNoFrameskip-v4"} 
r,l,t
-900.0,731,5.77124
-900.0,737,11.745198
-900.0,736,18.442872
-900.0,731,24.887011
-1200.0,735,31.009594
0.0,735,37.732786
