# {"t_start": 1680809516.6797686, "env_id": "JourneyEscapeNoFrameskip-v4"} 
r,l,t
-9100.0,733,5.788287
-900.0,730,11.592283
-9100.0,733,18.234003
-1200.0,736,24.772616
-1200.0,734,30.875782
-3500.0,737,37.651118
