# {"t_start": 1680809516.7203648, "env_id": "JourneyEscapeNoFrameskip-v4"} 
r,l,t
-1200.0,737,5.889328
-1200.0,737,11.808696
0.0,736,18.47625
-3500.0,732,24.986354
-900.0,730,30.984658
-9100.0,733,37.657377
