# {"t_start": 1680809516.7634995, "env_id": "JourneyEscapeNoFrameskip-v4"} 
r,l,t
0.0,737,5.826128
-3500.0,732,11.660768
-3500.0,734,18.285938
-1200.0,731,24.736481
-900.0,730,30.76147
-2100.0,734,37.440614
