# {"t_start": 1680809516.8020968, "env_id": "JourneyEscapeNoFrameskip-v4"} 
r,l,t
-1200.0,733,5.667365
-1200.0,737,11.648854
0.0,733,18.244598
-900.0,733,24.75292
-7900.0,732,30.807382
-3500.0,737,37.578126
