# {"t_start": 1680809516.8441243, "env_id": "JourneyEscapeNoFrameskip-v4"} 
r,l,t
-9100.0,733,5.621473
-2700.0,731,11.45128
-1200.0,734,18.095763
-2400.0,735,24.634341
0.0,737,30.805682
0.0,733,37.484174
