# {"t_start": 1680809516.3501892, "env_id": "JourneyEscapeNoFrameskip-v4"} 
r,l,t
-900.0,735,6.172362
-7900.0,732,12.005011
0.0,733,18.641021
-3500.0,737,25.250288
-900.0,730,31.230706
-1200.0,731,37.854363
0.0,737,44.885609
