# {"t_start": 1680809516.3809876, "env_id": "JourneyEscapeNoFrameskip-v4"} 
r,l,t
-900.0,737,6.20926
-2100.0,734,12.096832
-900.0,737,18.780558
0.0,736,25.363577
-300.0,732,31.396863
-3500.0,737,38.166123
