# {"t_start": 1680809516.421703, "env_id": "JourneyEscapeNoFrameskip-v4"} 
r,l,t
-900.0,731,5.99191
-900.0,730,11.814156
-2100.0,734,18.472401
0.0,733,24.943392
-2100.0,734,31.05264
-900.0,734,37.749837
-900.0,733,44.726409
