# {"t_start": 1680809516.4573865, "env_id": "JourneyEscapeNoFrameskip-v4"} 
r,l,t
0.0,736,6.099862
-300.0,732,11.931356
-3500.0,734,18.567191
-300.0,732,25.039979
-2100.0,732,31.09694
-9100.0,736,37.850331
