# {"t_start": 1680809516.4915466, "env_id": "JourneyEscapeNoFrameskip-v4"} 
r,l,t
-300.0,732,5.946095
-3500.0,732,11.805612
0.0,738,18.531615
-1200.0,737,25.149367
-3500.0,737,31.286976
-2400.0,735,38.018562
