# {"t_start": 1680809516.5281453, "env_id": "JourneyEscapeNoFrameskip-v4"} 
r,l,t
-1200.0,735,5.995652
-1200.0,734,11.890508
0.0,737,18.596622
-3500.0,734,25.140301
-3500.0,734,31.215408
-3500.0,732,37.879045
