# {"t_start": 1680809516.5751758, "env_id": "JourneyEscapeNoFrameskip-v4"} 
r,l,t
-900.0,731,5.839558
-900.0,730,11.660951
-900.0,731,18.289016
-2400.0,735,24.768524
-300.0,732,30.851671
-1200.0,734,37.554656
-1200.0,733,44.533092
