# {"t_start": 1680809516.6070983, "env_id": "JourneyEscapeNoFrameskip-v4"} 
r,l,t
0.0,737,5.982404
-900.0,731,11.782157
-900.0,731,18.357692
-7900.0,732,24.817194
-900.0,731,30.86932
-1200.0,736,37.598726
0.0,735,44.60067
