# {"t_start": 1680542230.9016097, "env_id": "KangarooNoFrameskip-v4"} 
r,l,t
0.0,285,4.83721
0.0,288,9.166744
0.0,287,13.469913
0.0,284,17.770388
0.0,286,22.026381
0.0,286,26.229658
