# {"t_start": 1680542230.9539611, "env_id": "KangarooNoFrameskip-v4"} 
r,l,t
0.0,287,4.838899
0.0,288,9.187196
0.0,284,13.391798
0.0,284,17.693726
0.0,287,21.973675
0.0,283,26.085921
