# {"t_start": 1680542231.5820282, "env_id": "KangarooNoFrameskip-v4"} 
r,l,t
0.0,289,4.262752
0.0,283,8.458459
0.0,283,12.675614
0.0,284,16.945019
0.0,283,21.163324
0.0,288,25.407448
0.0,287,29.308776
