# {"t_start": 1680542231.6320393, "env_id": "KangarooNoFrameskip-v4"} 
r,l,t
0.0,283,4.055028
0.0,289,8.408303
0.0,288,12.739192
0.0,283,17.013696
0.0,287,21.295999
0.0,287,25.524735
