# {"t_start": 1680542231.6967602, "env_id": "KangarooNoFrameskip-v4"} 
r,l,t
0.0,285,4.042594
0.0,282,8.227236
0.0,285,12.505749
0.0,288,16.86142
0.0,286,21.130687
0.0,289,25.406134
