# {"t_start": 1680542231.7492478, "env_id": "KangarooNoFrameskip-v4"} 
r,l,t
0.0,289,4.095911
0.0,289,8.449398
0.0,288,12.78034
0.0,284,17.067241
0.0,282,21.240857
0.0,285,25.410282
