# {"t_start": 1680542231.7608137, "env_id": "KangarooNoFrameskip-v4"} 
r,l,t
0.0,289,4.083837
0.0,284,8.308254
0.0,286,12.586622
0.0,283,16.83858
0.0,282,21.021133
0.0,286,25.228037
