# {"t_start": 1680542231.7978523, "env_id": "KangarooNoFrameskip-v4"} 
r,l,t
0.0,285,3.941095
0.0,289,8.314809
0.0,285,12.546919
0.0,285,16.873292
0.0,284,21.07748
0.0,289,25.359563
