# {"t_start": 1680542230.994193, "env_id": "KangarooNoFrameskip-v4"} 
r,l,t
0.0,285,4.745051
0.0,285,9.003491
0.0,288,13.318874
0.0,284,17.603294
0.0,289,21.967542
0.0,289,26.235323
