# {"t_start": 1680542231.1116793, "env_id": "KangarooNoFrameskip-v4"} 
r,l,t
0.0,287,4.680994
0.0,284,8.907321
0.0,285,13.1719
0.0,289,17.590405
0.0,282,21.741961
0.0,283,25.877875
0.0,289,29.804279
