# {"t_start": 1680542231.0857198, "env_id": "KangarooNoFrameskip-v4"} 
r,l,t
0.0,289,4.758936
0.0,286,9.055278
0.0,289,13.410494
0.0,288,17.785301
0.0,284,22.00859
0.0,289,26.232534
