# {"t_start": 1680542231.252804, "env_id": "KangarooNoFrameskip-v4"} 
r,l,t
0.0,283,4.434013
0.0,282,8.631265
0.0,286,12.925574
0.0,285,17.216157
0.0,286,21.491058
0.0,286,25.689661
0.0,285,29.571733
