# {"t_start": 1680542231.326563, "env_id": "KangarooNoFrameskip-v4"} 
r,l,t
0.0,288,4.491586
0.0,284,8.714059
0.0,286,12.988162
0.0,284,17.270912
0.0,284,21.499852
0.0,288,25.744129
