# {"t_start": 1680542231.3621058, "env_id": "KangarooNoFrameskip-v4"} 
r,l,t
0.0,284,4.350908
0.0,284,8.590856
0.0,290,12.951128
0.0,289,17.392501
0.0,289,21.733176
0.0,287,25.918355
