# {"t_start": 1680542231.4134967, "env_id": "KangarooNoFrameskip-v4"} 
r,l,t
0.0,287,4.378206
0.0,286,8.654673
0.0,289,13.026191
0.0,286,17.366226
0.0,286,21.617486
0.0,284,25.778931
