# {"t_start": 1680542231.4515884, "env_id": "KangarooNoFrameskip-v4"} 
r,l,t
0.0,283,4.236148
0.0,282,8.433217
0.0,283,12.676388
0.0,287,16.988742
0.0,284,21.235886
0.0,286,25.419913
0.0,285,29.325755
