# {"t_start": 1680487848.6642852, "env_id": "FreewayNoFrameskip-v4"} 
r,l,t
0.0,2044,15.517163
0.0,2046,33.122717
0.0,2045,50.134494
0.0,2043,67.67223
0.0,2045,85.282983
0.0,2045,101.922089
