# {"t_start": 1680487848.69671, "env_id": "FreewayNoFrameskip-v4"} 
r,l,t
0.0,2046,15.559187
0.0,2046,33.160899
0.0,2043,50.100387
0.0,2043,67.641127
0.0,2046,85.280797
0.0,2042,101.848729
