# {"t_start": 1680487849.0105019, "env_id": "FreewayNoFrameskip-v4"} 
r,l,t
0.0,2047,15.283974
0.0,2042,32.738492
0.0,2042,49.66859
0.0,2042,67.173701
0.0,2042,84.723609
0.0,2047,101.448572
0.0,2045,118.667461
