# {"t_start": 1680487849.0412903, "env_id": "FreewayNoFrameskip-v4"} 
r,l,t
0.0,2041,15.036547
0.0,2047,32.676733
0.0,2046,49.720457
0.0,2041,67.18751
0.0,2045,84.835878
0.0,2045,101.476837
