# {"t_start": 1680487849.0775876, "env_id": "FreewayNoFrameskip-v4"} 
r,l,t
0.0,2044,15.104584
0.0,2041,32.535377
0.0,2044,49.526147
0.0,2047,67.187176
0.0,2045,84.829638
0.0,2048,101.546744
