# {"t_start": 1680487849.109243, "env_id": "FreewayNoFrameskip-v4"} 
r,l,t
0.0,2047,15.186947
0.0,2047,32.796176
0.0,2046,49.811978
0.0,2043,67.360461
0.0,2041,84.869512
0.0,2044,101.477721
