# {"t_start": 1680487849.1439304, "env_id": "FreewayNoFrameskip-v4"} 
r,l,t
0.0,2047,15.151474
0.0,2043,32.64273
0.0,2045,49.653613
0.0,2042,67.155457
0.0,2041,84.659873
0.0,2044,101.316824
