# {"t_start": 1680487849.1710916, "env_id": "FreewayNoFrameskip-v4"} 
r,l,t
0.0,2044,15.011241
0.0,2048,32.685244
0.0,2043,49.627332
0.0,2043,67.168733
0.0,2042,84.706163
0.0,2048,101.415948
