# {"t_start": 1680487848.7299225, "env_id": "FreewayNoFrameskip-v4"} 
r,l,t
0.0,2044,15.451832
0.0,2043,32.947482
0.0,2046,49.994055
0.0,2043,67.534354
0.0,2048,85.247868
0.0,2048,101.982642
