# {"t_start": 1680487848.7658713, "env_id": "FreewayNoFrameskip-v4"} 
r,l,t
0.0,2045,15.457432
0.0,2042,32.912902
0.0,2043,49.880981
0.0,2048,67.571947
0.0,2041,85.070131
0.0,2042,101.658885
0.0,2047,118.940661
