# {"t_start": 1680487848.800983, "env_id": "FreewayNoFrameskip-v4"} 
r,l,t
0.0,2047,15.494058
0.0,2044,33.023163
0.0,2047,50.079473
0.0,2046,67.711767
0.0,2042,85.225957
0.0,2048,101.959302
