# {"t_start": 1680487848.8351285, "env_id": "FreewayNoFrameskip-v4"} 
r,l,t
0.0,2041,15.242674
0.0,2041,32.703075
0.0,2044,49.720516
0.0,2043,67.262134
0.0,2044,84.855919
0.0,2044,101.540345
0.0,2043,118.731614
