# {"t_start": 1680487848.8714535, "env_id": "FreewayNoFrameskip-v4"} 
r,l,t
0.0,2046,15.38652
0.0,2043,32.877383
0.0,2045,49.888287
0.0,2043,67.427447
0.0,2042,84.964539
0.0,2047,101.67411
