# {"t_start": 1680487848.9061031, "env_id": "FreewayNoFrameskip-v4"} 
r,l,t
0.0,2043,15.238892
0.0,2043,32.73917
0.0,2048,49.854733
0.0,2047,67.500934
0.0,2048,85.194026
0.0,2046,101.887078
