# {"t_start": 1680487848.9511714, "env_id": "FreewayNoFrameskip-v4"} 
r,l,t
0.0,2045,15.27247
0.0,2045,32.834461
0.0,2047,49.893201
0.0,2045,67.484008
0.0,2045,85.102672
0.0,2043,101.707184
