# {"t_start": 1680487848.97312, "env_id": "FreewayNoFrameskip-v4"} 
r,l,t
0.0,2042,15.13556
0.0,2041,32.59133
0.0,2041,49.544524
0.0,2046,67.151462
0.0,2042,84.686441
0.0,2045,101.401021
0.0,2044,118.625521
