# {"t_start": 1680569486.5992932, "env_id": "AssaultNoFrameskip-v4"} 
r,l,t
3021.0,2560,24.713298
4761.0,3647,62.215987
3137.0,2763,90.42995
3342.0,2977,122.256648
3045.0,2467,147.750073
3075.0,2695,175.990231
