# {"t_start": 1680569486.6326392, "env_id": "AssaultNoFrameskip-v4"} 
r,l,t
3157.0,2668,25.866291
2193.0,1758,43.771597
7736.0,5977,106.183182
2719.0,2321,130.284627
3305.0,2793,159.064442
1879.0,1528,175.310645
