# {"t_start": 1680569486.9314015, "env_id": "AssaultNoFrameskip-v4"} 
r,l,t
3054.0,2561,24.406749
1931.0,1754,42.321532
3167.0,2584,68.766018
3095.0,2409,93.734764
3791.0,3112,126.654687
3158.0,2753,155.070956
3314.0,2850,185.288274
