# {"t_start": 1680569486.9618847, "env_id": "AssaultNoFrameskip-v4"} 
r,l,t
3492.0,2847,27.362106
3596.0,2661,54.650134
3335.0,2892,84.066553
3575.0,3053,116.803194
3201.0,2507,142.55667
2519.0,2019,163.872024
