# {"t_start": 1680569487.115559, "env_id": "AssaultNoFrameskip-v4"} 
r,l,t
3698.0,2918,27.929846
3333.0,2879,57.528699
3044.0,2504,82.93688
3272.0,2794,112.917876
2729.0,2235,135.926874
3263.0,2692,164.304071
