# {"t_start": 1680569487.0339415, "env_id": "AssaultNoFrameskip-v4"} 
r,l,t
3021.0,2742,26.262815
3240.0,2981,56.840448
3326.0,2592,83.152709
2833.0,2337,108.439325
2969.0,2621,135.37356
3178.0,2729,164.11382
