# {"t_start": 1680569487.061024, "env_id": "AssaultNoFrameskip-v4"} 
r,l,t
1806.0,1485,13.725141
3211.0,2755,41.393923
3168.0,2699,69.032711
8295.0,5696,128.889438
2697.0,2327,152.86779
3041.0,2914,183.638712
