# {"t_start": 1680569487.0929298, "env_id": "AssaultNoFrameskip-v4"} 
r,l,t
2960.0,2494,23.536126
2161.0,1878,42.708738
3607.0,2641,69.833034
3241.0,2761,98.778231
3607.0,3103,131.320189
3084.0,2686,158.973151
2698.0,2315,183.469821
