# {"t_start": 1680569486.6660686, "env_id": "AssaultNoFrameskip-v4"} 
r,l,t
3137.0,2857,27.769893
5934.0,4427,73.227564
4557.0,3471,109.932147
3368.0,2886,139.723368
2813.0,2334,164.269428
