# {"t_start": 1680569486.6972954, "env_id": "AssaultNoFrameskip-v4"} 
r,l,t
2140.0,1566,14.911997
2108.0,1633,31.02791
8114.0,5665,89.304121
2876.0,2310,114.176441
2046.0,1689,131.542527
3169.0,2846,160.985927
