# {"t_start": 1680569486.7285178, "env_id": "AssaultNoFrameskip-v4"} 
r,l,t
839.0,836,7.790325
3292.0,2847,35.793547
1888.0,1550,51.986993
3273.0,2731,79.759627
3063.0,2633,108.005499
861.0,771,115.920511
3450.0,2820,144.956889
2760.0,2268,169.182852
