# {"t_start": 1680569486.7640424, "env_id": "AssaultNoFrameskip-v4"} 
r,l,t
3148.0,2924,28.347395
2571.0,2319,52.1554
2561.0,2010,72.719563
3189.0,2601,99.997378
3388.0,2765,128.913296
2727.0,2338,152.962171
3022.0,2628,180.540578
