# {"t_start": 1680569486.797853, "env_id": "AssaultNoFrameskip-v4"} 
r,l,t
3147.0,2940,28.457076
2613.0,2141,50.455672
2698.0,2219,73.165442
7772.0,5121,126.915632
861.0,774,134.837198
3983.0,3407,170.831707
