# {"t_start": 1680569486.8408847, "env_id": "AssaultNoFrameskip-v4"} 
r,l,t
2613.0,2141,20.351136
7736.0,5977,81.458409
6576.0,4578,129.88715
2425.0,2070,151.166826
2940.0,2504,177.486107
