# {"t_start": 1680569486.8671484, "env_id": "AssaultNoFrameskip-v4"} 
r,l,t
945.0,801,7.351018
4967.0,4109,48.645093
2854.0,2657,75.695214
3348.0,2603,103.328689
3429.0,2930,133.745055
5494.0,4267,178.278948
