# {"t_start": 1680569486.8960922, "env_id": "AssaultNoFrameskip-v4"} 
r,l,t
2898.0,2496,23.760624
3354.0,2902,53.554448
2046.0,1536,69.141141
3021.0,2476,94.834864
2226.0,1761,113.831102
6429.0,4686,162.578927
2949.0,2431,188.372641
