# {"t_start": 1680476232.169226, "env_id": "CarnivalNoFrameskip-v4"} 
r,l,t
2300.0,1384,16.150705
2420.0,1225,29.504044
2760.0,1166,41.592732
2300.0,1383,56.077743
2560.0,1241,68.367557
2560.0,1241,80.602958
