# {"t_start": 1680476232.2239943, "env_id": "CarnivalNoFrameskip-v4"} 
r,l,t
2560.0,1242,14.45514
2540.0,1461,30.358004
2180.0,1136,42.280559
2180.0,1136,54.094434
2180.0,1126,65.418222
2180.0,1135,76.527688
2740.0,1050,87.425553
