# {"t_start": 1680476232.726211, "env_id": "CarnivalNoFrameskip-v4"} 
r,l,t
2740.0,1050,11.706989
2180.0,1135,24.482677
2180.0,1135,36.362278
2280.0,1106,47.796686
2180.0,1135,59.525379
1920.0,1029,69.643106
2920.0,1227,81.997605
