# {"t_start": 1680476232.8062491, "env_id": "CarnivalNoFrameskip-v4"} 
r,l,t
2360.0,1173,13.133311
2420.0,1226,26.871481
2420.0,1225,39.487487
2360.0,1173,51.602171
2180.0,1126,63.013052
2920.0,1227,75.067732
