# {"t_start": 1680476232.8702295, "env_id": "CarnivalNoFrameskip-v4"} 
r,l,t
2560.0,1316,14.639324
2560.0,1383,29.6423
2560.0,1316,43.342239
1920.0,1029,54.285783
2180.0,1125,65.410711
2560.0,1320,78.329308
