# {"t_start": 1680476232.9311945, "env_id": "CarnivalNoFrameskip-v4"} 
r,l,t
2300.0,1388,15.453114
2300.0,1388,30.466019
2540.0,1461,45.615323
2180.0,1136,57.476367
2560.0,1383,71.129686
2560.0,1316,84.417781
