# {"t_start": 1680476233.0045347, "env_id": "CarnivalNoFrameskip-v4"} 
r,l,t
2740.0,1050,11.429157
2180.0,1136,24.233769
2560.0,1241,37.201826
2300.0,1382,51.601057
2560.0,1383,65.517739
2920.0,1226,77.552405
