# {"t_start": 1680476233.0454423, "env_id": "CarnivalNoFrameskip-v4"} 
r,l,t
2300.0,1384,15.275297
2300.0,1388,30.293086
2740.0,1046,41.199616
2280.0,1107,52.696503
2280.0,1106,63.858963
2560.0,1320,76.788609
