# {"t_start": 1680476232.2831566, "env_id": "CarnivalNoFrameskip-v4"} 
r,l,t
2560.0,1316,15.224951
2740.0,1046,26.952929
2540.0,1461,42.041018
2300.0,1383,56.488042
2300.0,1388,70.154775
2300.0,1388,84.089058
