# {"t_start": 1680476232.3580575, "env_id": "CarnivalNoFrameskip-v4"} 
r,l,t
2760.0,1166,13.475316
2280.0,1106,25.831425
2740.0,1046,36.690712
2560.0,1320,50.371312
2560.0,1383,64.442802
2300.0,1382,78.025703
