# {"t_start": 1680476232.440273, "env_id": "CarnivalNoFrameskip-v4"} 
r,l,t
2420.0,1226,14.077624
2920.0,1226,27.789866
2420.0,1226,40.336263
2540.0,1461,55.61331
2300.0,1383,69.275805
2560.0,1320,82.542027
