# {"t_start": 1680476232.472583, "env_id": "CarnivalNoFrameskip-v4"} 
r,l,t
2360.0,1173,13.466801
2560.0,1383,28.754862
2920.0,1226,41.390134
2740.0,1046,52.320943
2920.0,1226,64.689087
2760.0,1165,76.112436
2280.0,1107,87.57428
