# {"t_start": 1680476232.527342, "env_id": "CarnivalNoFrameskip-v4"} 
r,l,t
2540.0,1461,16.686996
2300.0,1383,31.559453
2560.0,1241,44.38255
2300.0,1383,58.943153
2740.0,1045,69.091759
2560.0,1319,82.359077
