# {"t_start": 1680476232.6062946, "env_id": "CarnivalNoFrameskip-v4"} 
r,l,t
2300.0,1383,15.671199
2180.0,1136,28.322119
2740.0,1051,39.103238
2300.0,1388,53.523782
2560.0,1320,66.711989
2560.0,1242,78.850853
