# {"t_start": 1680476232.6132994, "env_id": "CarnivalNoFrameskip-v4"} 
r,l,t
2180.0,1126,12.699774
2180.0,1125,25.351187
2740.0,1050,36.246718
2560.0,1241,49.092212
2560.0,1241,61.731592
2180.0,1136,73.057793
2560.0,1320,86.520097
