# {"t_start": 1680476232.6940658, "env_id": "CarnivalNoFrameskip-v4"} 
r,l,t
2180.0,1135,12.752365
2560.0,1383,28.191899
2360.0,1173,40.234618
2560.0,1242,53.131874
2300.0,1383,66.984864
2180.0,1125,78.068342
