# {"t_start": 1680552982.5409305, "env_id": "SkiingNoFrameskip-v4"} 
r,l,t
-29983.0,4505,98.159355
-29985.0,4505,194.706087
-29963.0,4502,291.673806
-29963.0,4502,388.166599
-29982.0,4505,484.306487
-29957.0,4501,581.637509
