# {"t_start": 1680552982.6424725, "env_id": "SkiingNoFrameskip-v4"} 
r,l,t
-29970.0,4503,97.973638
-29965.0,4502,194.445267
-29985.0,4505,291.497985
-29962.0,4502,387.996249
-29995.0,4507,484.205017
-29995.0,4507,581.753249
