# {"t_start": 1680552983.098447, "env_id": "SkiingNoFrameskip-v4"} 
r,l,t
-29953.0,4500,97.417658
-29993.0,4506,194.028425
-29987.0,4505,291.082443
-29953.0,4500,387.51032
-29982.0,4505,483.651037
-29978.0,4504,581.080491
