# {"t_start": 1680552983.1976473, "env_id": "SkiingNoFrameskip-v4"} 
r,l,t
-29970.0,4503,97.41862
-29950.0,4500,193.819119
-29970.0,4503,290.825629
-29988.0,4506,387.440745
-29975.0,4504,483.551553
-29997.0,4507,581.078184
