# {"t_start": 1680552983.184181, "env_id": "SkiingNoFrameskip-v4"} 
r,l,t
-29995.0,4507,97.595468
-29995.0,4507,194.157472
-29985.0,4505,291.210778
-29963.0,4502,387.732318
-29950.0,4500,483.735699
-29970.0,4503,581.135138
