# {"t_start": 1680552983.2473722, "env_id": "SkiingNoFrameskip-v4"} 
r,l,t
-29992.0,4506,97.497226
-29963.0,4502,193.933905
-29977.0,4504,290.968596
-29955.0,4501,387.431722
-29950.0,4500,483.390634
-29972.0,4503,580.853276
