# {"t_start": 1680552983.2792227, "env_id": "SkiingNoFrameskip-v4"} 
r,l,t
-29968.0,4503,97.341587
-29995.0,4507,193.967679
-29965.0,4502,290.935957
-29967.0,4502,387.427348
-29960.0,4501,483.435531
-29997.0,4507,580.960256
