# {"t_start": 1680552983.3474357, "env_id": "SkiingNoFrameskip-v4"} 
r,l,t
-29970.0,4503,97.26968
-29952.0,4500,193.669943
-29975.0,4504,290.70456
-29983.0,4505,387.292144
-29992.0,4506,483.468686
-29965.0,4502,580.831574
