# {"t_start": 1680552982.635441, "env_id": "SkiingNoFrameskip-v4"} 
r,l,t
-29980.0,4504,98.026305
-29960.0,4501,194.452931
-29965.0,4502,291.417521
-29997.0,4507,388.070315
-29950.0,4500,484.039943
-29955.0,4501,581.425747
-29992.0,4506,681.205736
