# {"t_start": 1680552982.7149923, "env_id": "SkiingNoFrameskip-v4"} 
r,l,t
-29993.0,4506,98.028929
-29972.0,4503,194.503696
-29993.0,4506,291.571791
-29985.0,4505,388.156416
-29962.0,4502,484.227258
-29997.0,4507,581.75991
