# {"t_start": 1680552982.7478588, "env_id": "SkiingNoFrameskip-v4"} 
r,l,t
-29953.0,4500,97.768313
-29950.0,4500,194.161351
-29972.0,4503,291.175876
-29965.0,4502,387.696715
-29972.0,4503,483.746077
-29973.0,4503,581.191119
-29967.0,4502,680.859402
