# {"t_start": 1680552982.8065748, "env_id": "SkiingNoFrameskip-v4"} 
r,l,t
-29985.0,4505,97.893283
-29962.0,4502,194.343637
-29977.0,4504,291.371184
-29962.0,4502,387.873063
-29958.0,4501,483.869053
-29990.0,4506,581.371603
