# {"t_start": 1680552982.874131, "env_id": "SkiingNoFrameskip-v4"} 
r,l,t
-29962.0,4502,97.707761
-29963.0,4502,194.182547
-29998.0,4507,291.304911
-29995.0,4507,387.933399
-29997.0,4507,484.163952
-29983.0,4505,581.632667
