# {"t_start": 1680552982.9086616, "env_id": "SkiingNoFrameskip-v4"} 
r,l,t
-29982.0,4505,97.791034
-29975.0,4504,194.307256
-29992.0,4506,291.377941
-29977.0,4504,387.936844
-29977.0,4504,484.061166
-29963.0,4502,581.451942
