# {"t_start": 1680552983.0217104, "env_id": "SkiingNoFrameskip-v4"} 
r,l,t
-29957.0,4501,97.525213
-29950.0,4500,193.920476
-29953.0,4500,290.860795
-29983.0,4505,387.459682
-29962.0,4502,483.468179
-29975.0,4504,580.960323
-29968.0,4503,680.657304
