# {"t_start": 1680552983.0488772, "env_id": "SkiingNoFrameskip-v4"} 
r,l,t
-29992.0,4506,97.695214
-29957.0,4501,194.104311
-29957.0,4501,291.035955
-29960.0,4501,387.509707
-29957.0,4501,483.509982
-29988.0,4506,581.048802
-29978.0,4504,680.761202
