# {"t_start": 1680538910.7993743, "env_id": "TimePilotNoFrameskip-v4"} 
r,l,t
500.0,700,12.518991
900.0,882,26.804486
500.0,672,37.803261
500.0,672,49.004692
800.0,945,64.921938
500.0,671,75.94883
900.0,883,90.639564
