# {"t_start": 1680538910.8580077, "env_id": "TimePilotNoFrameskip-v4"} 
r,l,t
500.0,698,12.402084
900.0,879,26.655535
900.0,882,41.242952
800.0,942,57.093251
800.0,947,72.8451
800.0,947,88.580615
