# {"t_start": 1680538911.6243074, "env_id": "TimePilotNoFrameskip-v4"} 
r,l,t
600.0,684,11.294504
800.0,947,26.848684
800.0,946,42.552283
800.0,941,58.295053
800.0,945,74.031896
900.0,881,88.669567
