# {"t_start": 1680538911.6900485, "env_id": "TimePilotNoFrameskip-v4"} 
r,l,t
500.0,698,11.570921
500.0,670,22.338029
500.0,673,33.463338
800.0,946,49.201681
800.0,944,65.077046
500.0,677,76.161297
