# {"t_start": 1680538911.750013, "env_id": "TimePilotNoFrameskip-v4"} 
r,l,t
600.0,690,11.351079
800.0,947,26.861182
900.0,882,41.420078
500.0,672,52.594875
500.0,670,63.735109
500.0,673,74.836671
