# {"t_start": 1680538911.833211, "env_id": "TimePilotNoFrameskip-v4"} 
r,l,t
600.0,689,11.237595
500.0,672,22.061449
500.0,674,33.212106
800.0,941,48.830914
500.0,670,59.986547
900.0,880,74.619867
900.0,884,89.318769
