# {"t_start": 1680538911.8911452, "env_id": "TimePilotNoFrameskip-v4"} 
r,l,t
600.0,686,11.093759
800.0,947,26.646147
900.0,879,41.113203
800.0,943,56.903925
800.0,942,72.652515
500.0,677,83.845331
