# {"t_start": 1680538911.9781497, "env_id": "TimePilotNoFrameskip-v4"} 
r,l,t
500.0,698,11.282807
900.0,877,25.479729
800.0,944,41.190271
500.0,675,52.420374
900.0,883,67.107514
900.0,879,81.734204
