# {"t_start": 1680538910.9260507, "env_id": "TimePilotNoFrameskip-v4"} 
r,l,t
600.0,688,12.101042
800.0,942,27.520841
900.0,879,42.003047
500.0,677,53.293523
500.0,670,64.45624
800.0,941,80.097353
