# {"t_start": 1680538910.960815, "env_id": "TimePilotNoFrameskip-v4"} 
r,l,t
600.0,690,12.139735
900.0,880,26.409372
800.0,947,42.174478
900.0,882,56.939533
800.0,942,72.594642
500.0,677,83.811105
