# {"t_start": 1680538911.0771952, "env_id": "TimePilotNoFrameskip-v4"} 
r,l,t
600.0,684,11.841358
500.0,670,22.66767
900.0,880,37.199156
900.0,879,51.907265
900.0,880,66.651248
800.0,944,82.326291
