# {"t_start": 1680538911.165787, "env_id": "TimePilotNoFrameskip-v4"} 
r,l,t
600.0,688,11.862523
800.0,942,27.282007
500.0,674,38.334178
800.0,942,54.103842
900.0,878,68.751534
500.0,676,79.915604
