# {"t_start": 1680538911.25004, "env_id": "TimePilotNoFrameskip-v4"} 
r,l,t
600.0,685,11.702378
500.0,672,22.562082
900.0,884,37.128358
800.0,947,53.01774
500.0,677,64.332106
500.0,675,75.449405
