# {"t_start": 1680538911.3492243, "env_id": "TimePilotNoFrameskip-v4"} 
r,l,t
600.0,688,11.678162
800.0,944,27.155471
900.0,883,41.740084
500.0,674,52.946407
500.0,674,64.184577
500.0,672,75.265098
500.0,677,86.475818
