# {"t_start": 1680538911.4486291, "env_id": "TimePilotNoFrameskip-v4"} 
r,l,t
500.0,696,11.772733
500.0,670,22.525256
800.0,941,38.133824
500.0,675,49.332839
800.0,942,65.191049
800.0,944,80.795213
