# {"t_start": 1680538911.5280426, "env_id": "TimePilotNoFrameskip-v4"} 
r,l,t
600.0,689,11.543051
500.0,671,22.333413
500.0,671,33.430333
800.0,942,49.074578
500.0,671,60.257797
800.0,946,76.046992
900.0,881,90.659448
