# {"t_start": 1680506888.514187, "env_id": "AsteroidsNoFrameskip-v4"} 
r,l,t
780.0,454,5.042244
680.0,321,8.00067
530.0,412,11.976793
530.0,412,15.931964
630.0,370,19.679182
630.0,478,24.491154
680.0,328,27.888898
