# {"t_start": 1680506888.4800212, "env_id": "AsteroidsNoFrameskip-v4"} 
r,l,t
930.0,783,8.237023
580.0,565,13.654372
680.0,321,16.854757
580.0,419,21.039979
730.0,643,27.675003
