# {"t_start": 1680506888.8743672, "env_id": "AsteroidsNoFrameskip-v4"} 
r,l,t
630.0,261,2.733112
630.0,561,8.141581
430.0,293,10.907784
630.0,261,13.311459
630.0,370,17.054754
530.0,339,20.37838
430.0,293,23.291547
680.0,555,29.022856
