# {"t_start": 1680506888.9500315, "env_id": "AsteroidsNoFrameskip-v4"} 
r,l,t
930.0,783,7.767924
480.0,405,11.694899
930.0,783,19.509282
530.0,360,23.063234
580.0,336,26.4886
