# {"t_start": 1680506889.0023966, "env_id": "AsteroidsNoFrameskip-v4"} 
r,l,t
730.0,643,6.347697
730.0,643,12.543597
680.0,321,15.658869
530.0,412,19.820263
480.0,405,23.863192
