# {"t_start": 1680506889.1080246, "env_id": "AsteroidsNoFrameskip-v4"} 
r,l,t
680.0,328,3.124772
530.0,412,7.053353
430.0,414,11.031263
830.0,474,15.717467
480.0,405,19.764601
380.0,293,22.615338
