# {"t_start": 1680506889.1239324, "env_id": "AsteroidsNoFrameskip-v4"} 
r,l,t
560.0,338,3.222784
730.0,643,9.543087
580.0,565,14.929374
480.0,420,19.196812
380.0,317,22.286618
580.0,360,25.931466
