# {"t_start": 1680506889.1723154, "env_id": "AsteroidsNoFrameskip-v4"} 
r,l,t
930.0,783,7.54673
430.0,329,10.684058
580.0,336,13.867865
780.0,454,18.463985
680.0,328,21.677629
580.0,565,27.599484
