# {"t_start": 1680506888.545785, "env_id": "AsteroidsNoFrameskip-v4"} 
r,l,t
680.0,555,5.969308
380.0,317,9.031279
580.0,565,14.361773
580.0,360,18.023547
480.0,405,21.964793
830.0,474,26.866985
