# {"t_start": 1680506888.5805306, "env_id": "AsteroidsNoFrameskip-v4"} 
r,l,t
630.0,561,5.994765
380.0,293,8.806046
630.0,561,14.123642
680.0,321,17.380042
580.0,419,21.471481
580.0,360,25.081074
430.0,293,28.224043
