# {"t_start": 1680506888.683106, "env_id": "AsteroidsNoFrameskip-v4"} 
r,l,t
630.0,261,2.921991
480.0,405,6.793076
380.0,293,9.680421
580.0,565,15.010018
380.0,293,18.00139
680.0,536,23.328446
480.0,420,27.678142
