# {"t_start": 1680506888.6705344, "env_id": "AsteroidsNoFrameskip-v4"} 
r,l,t
680.0,321,3.487237
580.0,419,7.490295
430.0,414,11.468512
580.0,419,15.542454
280.0,322,18.755632
530.0,556,24.382864
