# {"t_start": 1680506888.7159116, "env_id": "AsteroidsNoFrameskip-v4"} 
r,l,t
580.0,419,4.488946
530.0,412,8.407672
880.0,727,15.45734
730.0,643,21.946934
580.0,360,25.633593
