# {"t_start": 1680506888.887677, "env_id": "AsteroidsNoFrameskip-v4"} 
r,l,t
630.0,370,3.761286
580.0,336,6.9785
680.0,328,10.16875
430.0,414,14.019709
430.0,414,18.220065
530.0,412,22.32162
580.0,360,25.951978
