# {"t_start": 1680506888.8183951, "env_id": "AsteroidsNoFrameskip-v4"} 
r,l,t
630.0,478,4.948259
480.0,405,8.903681
630.0,261,11.229931
780.0,454,15.60267
580.0,419,19.870045
580.0,336,23.193944
560.0,338,26.655683
