# {"t_start": 1680506888.8457482, "env_id": "AsteroidsNoFrameskip-v4"} 
r,l,t
680.0,328,3.387015
630.0,478,7.999456
630.0,478,12.548652
380.0,317,15.641817
630.0,478,20.474245
530.0,360,24.072307
530.0,339,27.619146
