# {"t_start": 1680540179.7791865, "env_id": "SkiingNoFrameskip-v4"} 
r,l,t
-8981.0,524,7.227323
-9000.0,526,13.835954
-8993.0,525,20.56786
-8975.0,523,26.943542
-8990.0,525,33.595704
-8990.0,525,40.235821
