# {"t_start": 1680540179.8422916, "env_id": "SkiingNoFrameskip-v4"} 
r,l,t
-8996.0,526,7.223968
-8998.0,526,13.824216
-8976.0,523,20.503897
-8976.0,523,26.880817
-8995.0,526,33.554722
-8970.0,522,40.146506
