# {"t_start": 1680540180.2852855, "env_id": "SkiingNoFrameskip-v4"} 
r,l,t
-9005.0,527,6.808219
-8970.0,522,13.285466
-8970.0,522,19.960266
-8973.0,522,26.291045
-8970.0,522,32.88111
-9001.0,527,39.641365
-8991.0,525,46.439267
