# {"t_start": 1680540180.3575988, "env_id": "SkiingNoFrameskip-v4"} 
r,l,t
-8966.0,521,6.583065
-9006.0,527,13.187994
-9000.0,526,19.954999
-8966.0,521,26.274431
-8995.0,526,32.970751
-8991.0,525,39.631972
