# {"t_start": 1680540180.372352, "env_id": "SkiingNoFrameskip-v4"} 
r,l,t
-8983.0,524,6.635634
-8963.0,521,13.10429
-8983.0,524,19.822598
-9001.0,527,26.287197
-8988.0,525,32.955995
-9010.0,528,39.668907
