# {"t_start": 1680540180.440462, "env_id": "SkiingNoFrameskip-v4"} 
r,l,t
-9008.0,528,6.681005
-9008.0,528,13.30853
-8998.0,526,20.025107
-8976.0,523,26.410852
-8963.0,521,32.996939
-8983.0,524,39.635997
