# {"t_start": 1680540180.4756477, "env_id": "SkiingNoFrameskip-v4"} 
r,l,t
-9005.0,527,6.617628
-8976.0,523,13.142502
-8990.0,525,19.870963
-8968.0,522,26.219336
-8963.0,521,32.7519
-8985.0,524,39.451986
