# {"t_start": 1680540180.5226111, "env_id": "SkiingNoFrameskip-v4"} 
r,l,t
-8981.0,524,6.484486
-9008.0,528,13.143951
-8978.0,523,19.825293
-8980.0,523,26.201126
-8973.0,522,32.777898
-9010.0,528,39.493309
