# {"t_start": 1680540179.8674192, "env_id": "SkiingNoFrameskip-v4"} 
r,l,t
-8983.0,524,7.139268
-8978.0,523,13.642761
-8998.0,526,20.414498
-8975.0,523,26.792111
-9008.0,528,33.529505
-9008.0,528,40.259641
