# {"t_start": 1680540179.926937, "env_id": "SkiingNoFrameskip-v4"} 
r,l,t
-8993.0,525,7.113963
-8973.0,522,13.585151
-8978.0,523,20.295248
-9010.0,528,26.795677
-8963.0,521,33.344803
-8968.0,522,39.979623
-9005.0,527,46.813997
