# {"t_start": 1680540179.9610393, "env_id": "SkiingNoFrameskip-v4"} 
r,l,t
-9006.0,527,7.132388
-8985.0,524,13.679538
-9006.0,527,20.440528
-8998.0,526,26.862141
-8975.0,523,33.501137
-9010.0,528,40.2153
