# {"t_start": 1680540180.0342758, "env_id": "SkiingNoFrameskip-v4"} 
r,l,t
-8966.0,521,6.90675
-8963.0,521,13.385651
-8985.0,524,20.106817
-8978.0,523,26.466985
-8985.0,524,33.095877
-8986.0,524,39.790366
-8980.0,523,46.567991
