# {"t_start": 1680540180.0855203, "env_id": "SkiingNoFrameskip-v4"} 
r,l,t
-8998.0,526,6.982801
-8975.0,523,13.485138
-8990.0,525,20.22646
-8975.0,523,26.60827
-8971.0,522,33.186741
-9003.0,527,39.903009
