# {"t_start": 1680540180.1705728, "env_id": "SkiingNoFrameskip-v4"} 
r,l,t
-8975.0,523,6.817156
-8976.0,523,13.325137
-9011.0,528,20.142554
-9008.0,528,26.604088
-9010.0,528,33.354597
-8996.0,526,40.031473
