# {"t_start": 1680540180.1798835, "env_id": "SkiingNoFrameskip-v4"} 
r,l,t
-8995.0,526,6.886867
-8988.0,525,13.459369
-9005.0,527,20.222221
-8990.0,525,26.610082
-8990.0,525,33.302867
-8976.0,523,39.920918
