# {"t_start": 1680540180.2553916, "env_id": "SkiingNoFrameskip-v4"} 
r,l,t
-8970.0,522,6.707405
-8963.0,521,13.190529
-8966.0,521,19.858781
-8996.0,526,26.26556
-8975.0,523,32.874511
-8988.0,525,39.593014
-8981.0,524,46.389563
