# {"t_start": 1680483738.014983, "env_id": "FreewayNoFrameskip-v4"} 
r,l,t
20.0,2044,17.510852
21.0,2046,36.604297
20.0,2045,57.234356
22.0,2043,77.785344
21.0,2045,98.98421
21.0,2045,119.816292
