# {"t_start": 1680483738.0581443, "env_id": "FreewayNoFrameskip-v4"} 
r,l,t
21.0,2046,17.534922
20.0,2046,36.629195
22.0,2043,57.190009
22.0,2043,77.743959
20.0,2046,98.973279
23.0,2042,119.725991
