# {"t_start": 1680483738.451977, "env_id": "FreewayNoFrameskip-v4"} 
r,l,t
24.0,2047,17.177775
21.0,2042,36.134825
23.0,2042,56.651758
23.0,2042,77.184202
21.0,2042,98.297526
21.0,2047,119.247902
23.0,2045,140.187032
