# {"t_start": 1680483738.4914765, "env_id": "FreewayNoFrameskip-v4"} 
r,l,t
23.0,2041,16.938931
21.0,2047,36.060989
19.0,2046,56.705956
23.0,2041,77.204127
21.0,2045,98.411129
21.0,2045,119.26274
