# {"t_start": 1680483738.535557, "env_id": "FreewayNoFrameskip-v4"} 
r,l,t
22.0,2044,16.990803
23.0,2041,35.908304
22.0,2044,56.502579
21.0,2047,77.193672
26.0,2045,98.395295
21.0,2048,119.337305
