# {"t_start": 1680483738.575981, "env_id": "FreewayNoFrameskip-v4"} 
r,l,t
24.0,2047,17.055617
24.0,2047,36.157293
20.0,2046,56.823146
20.0,2043,77.336567
23.0,2041,98.456247
20.0,2044,119.258306
