# {"t_start": 1680483738.6226075, "env_id": "FreewayNoFrameskip-v4"} 
r,l,t
21.0,2047,17.008007
22.0,2043,35.996421
21.0,2045,56.62598
23.0,2042,77.140977
22.0,2041,98.18952
20.0,2044,119.078046
