# {"t_start": 1680483738.6642222, "env_id": "FreewayNoFrameskip-v4"} 
r,l,t
20.0,2044,16.861981
21.0,2048,36.021788
20.0,2043,56.585678
20.0,2043,77.137169
23.0,2042,98.233982
21.0,2048,119.167983
