# {"t_start": 1680483738.0994928, "env_id": "FreewayNoFrameskip-v4"} 
r,l,t
22.0,2044,17.426283
20.0,2043,36.410903
20.0,2046,57.052291
22.0,2043,77.629172
21.0,2048,98.931824
21.0,2048,119.849143
