# {"t_start": 1680483738.1421373, "env_id": "FreewayNoFrameskip-v4"} 
r,l,t
20.0,2045,17.421636
23.0,2042,36.368986
20.0,2043,56.923839
21.0,2048,77.656811
23.0,2041,98.700892
23.0,2042,119.529474
21.0,2047,140.521049
