# {"t_start": 1680483738.1849988, "env_id": "FreewayNoFrameskip-v4"} 
r,l,t
24.0,2047,17.445144
20.0,2044,36.471143
21.0,2047,57.148583
20.0,2046,77.767669
20.0,2042,98.892022
21.0,2048,119.815138
