# {"t_start": 1680483738.2308617, "env_id": "FreewayNoFrameskip-v4"} 
r,l,t
23.0,2041,17.199245
23.0,2041,36.138379
20.0,2044,56.759966
20.0,2043,77.297511
20.0,2044,98.482445
20.0,2044,119.355322
20.0,2043,140.307611
