# {"t_start": 1680483738.3880117, "env_id": "FreewayNoFrameskip-v4"} 
r,l,t
20.0,2046,17.207162
22.0,2043,36.197051
21.0,2045,56.807133
22.0,2043,77.375605
21.0,2042,98.455054
21.0,2047,119.396688
