# {"t_start": 1680483738.3234112, "env_id": "FreewayNoFrameskip-v4"} 
r,l,t
22.0,2043,17.169057
22.0,2043,36.155465
21.0,2048,56.872014
24.0,2047,77.537508
21.0,2048,98.835977
20.0,2046,119.708393
