# {"t_start": 1680483738.3604074, "env_id": "FreewayNoFrameskip-v4"} 
r,l,t
21.0,2045,17.203503
26.0,2045,36.257689
21.0,2047,56.934485
21.0,2045,77.522569
21.0,2045,98.749808
20.0,2043,119.547939
