# {"t_start": 1680483738.4044452, "env_id": "FreewayNoFrameskip-v4"} 
r,l,t
23.0,2042,17.05423
23.0,2041,35.99085
21.0,2041,56.550127
21.0,2046,77.158038
20.0,2042,98.273205
26.0,2045,119.178629
20.0,2044,140.162241
